player_name,team_abbr,pos,age,G,GS,MP,FG%,3P%,FT%,TRB,AST,STL,BLK,TOV,PTS
Shai Gilgeous-Alexander,OKC,PG,26.0,76.0,76.0,34.2,0.519,0.375,0.898,5.0,6.4,1.7,1.0,2.4,32.7
Giannis Antetokounmpo,MIL,PF,30.0,67.0,67.0,34.2,0.601,0.222,0.617,11.9,6.5,0.9,1.2,3.1,30.4
Nikola Jokic,DEN,C,29.0,70.0,70.0,36.7,0.576,0.417,0.8,12.7,10.2,1.8,0.6,3.3,29.6
Anthony Edwards,MIN,SG,23.0,79.0,79.0,36.3,0.447,0.395,0.837,5.7,4.5,1.2,0.6,3.2,27.6
Jayson Tatum,BOS,PF,26.0,72.0,72.0,36.4,0.452,0.343,0.814,8.7,6.0,1.1,0.5,2.9,26.8
Kevin Durant,PHO,PF,36.0,62.0,62.0,36.5,0.527,0.43,0.839,6.0,4.2,0.8,1.2,3.1,26.6
Tyrese Maxey,PHI,PG,24.0,52.0,52.0,37.7,0.437,0.337,0.879,3.3,6.1,1.8,0.4,2.4,26.3
Cade Cunningham,DET,PG,23.0,70.0,70.0,35.0,0.469,0.356,0.846,6.1,9.1,1.0,0.8,4.4,26.1
Jalen Brunson,NYK,PG,28.0,65.0,65.0,35.4,0.488,0.383,0.821,2.9,7.3,0.9,0.1,2.5,26.0
Paolo Banchero,ORL,PF,22.0,46.0,46.0,34.4,0.452,0.32,0.727,7.5,4.8,0.8,0.6,3.0,25.9
Devin Booker,PHO,SG,28.0,75.0,75.0,37.3,0.461,0.332,0.894,4.1,7.1,0.9,0.2,2.9,25.6
LaMelo Ball,CHO,PG,23.0,47.0,47.0,32.0,0.405,0.339,0.843,4.9,7.4,1.1,0.3,3.6,25.2
Damian Lillard,MIL,PG,34.0,58.0,58.0,36.1,0.448,0.376,0.921,4.7,7.1,1.2,0.2,2.8,24.9
Kyrie Irving,DAL,SG,32.0,50.0,50.0,36.1,0.473,0.401,0.916,4.8,4.6,1.3,0.5,2.2,24.7
Zion Williamson,NOP,PF,24.0,30.0,30.0,28.6,0.567,0.231,0.656,7.2,5.3,1.2,0.9,3.0,24.6
Stephen Curry,GSW,PG,36.0,70.0,70.0,32.2,0.448,0.397,0.933,4.4,6.0,1.1,0.4,2.9,24.5
LeBron James,LAL,SF,40.0,70.0,70.0,34.9,0.513,0.376,0.782,7.8,8.2,1.0,0.6,3.7,24.4
Karl-Anthony Towns,NYK,C,29.0,72.0,72.0,35.0,0.526,0.42,0.829,12.8,3.1,1.0,0.7,2.7,24.4
Victor Wembanyama,SAS,C,21.0,46.0,46.0,33.2,0.476,0.352,0.836,11.0,3.7,1.1,3.8,3.2,24.3
Franz Wagner,ORL,SF,23.0,60.0,60.0,33.7,0.463,0.295,0.871,5.7,4.7,1.3,0.4,2.3,24.2
Trae Young,ATL,PG,26.0,76.0,76.0,36.0,0.411,0.34,0.875,3.1,11.6,1.2,0.2,4.7,24.2
Donovan Mitchell,CLE,SG,28.0,71.0,71.0,31.4,0.443,0.368,0.823,4.5,5.0,1.3,0.2,2.1,24.0
Cam Thomas,BRK,SG,23.0,25.0,23.0,31.2,0.438,0.349,0.881,3.3,3.8,0.6,0.1,2.5,24.0
Tyler Herro,MIA,SG,25.0,77.0,77.0,35.4,0.472,0.375,0.878,5.2,5.5,0.9,0.2,2.6,23.9
Joel Embiid,PHI,C,30.0,19.0,19.0,30.2,0.444,0.299,0.882,8.2,4.5,0.7,0.9,3.3,23.8
Ja Morant,MEM,PG,25.0,50.0,50.0,30.4,0.454,0.309,0.824,4.1,7.3,1.2,0.2,3.7,23.2
James Harden,LAC,PG,35.0,79.0,79.0,35.3,0.41,0.352,0.874,5.8,8.7,1.5,0.7,4.3,22.8
Jaylen Brown,BOS,SF,28.0,63.0,63.0,34.3,0.463,0.324,0.764,5.8,4.5,1.2,0.3,2.6,22.2
DeMar DeRozan,SAC,SF,35.0,77.0,77.0,35.9,0.477,0.328,0.857,3.9,4.4,0.8,0.4,1.4,22.2
Brandon Ingram,NOP,SF,27.0,18.0,18.0,33.1,0.465,0.374,0.855,5.6,5.2,0.9,0.6,3.8,22.2
Jaren Jackson Jr.,MEM,C,25.0,74.0,74.0,29.8,0.488,0.375,0.781,5.6,2.0,1.2,1.5,2.1,22.2
Norman Powell,LAC,SG,31.0,60.0,60.0,32.6,0.484,0.418,0.804,3.2,2.1,1.2,0.2,1.8,21.8
Jalen Williams,OKC,SG,23.0,69.0,69.0,32.4,0.484,0.365,0.789,5.3,5.1,1.6,0.7,2.2,21.6
Kawhi Leonard,LAC,SF,33.0,37.0,37.0,31.9,0.498,0.411,0.81,5.9,3.1,1.6,0.5,1.9,21.5
Jamal Murray,DEN,PG,27.0,67.0,67.0,36.1,0.474,0.393,0.886,3.9,6.0,1.4,0.5,2.1,21.4
Trey Murphy III,NOP,SF,24.0,53.0,51.0,35.0,0.454,0.361,0.887,5.1,3.5,1.1,0.7,1.9,21.2
RJ Barrett,TOR,SF,24.0,58.0,58.0,32.2,0.468,0.35,0.63,6.3,5.4,0.8,0.3,2.8,21.1
CJ McCollum,NOP,PG,33.0,56.0,56.0,32.7,0.444,0.373,0.717,3.8,4.1,0.8,0.4,1.9,21.1
Jalen Green,HOU,SG,22.0,82.0,82.0,32.9,0.423,0.354,0.813,4.6,3.4,0.9,0.3,2.5,21.0
Brandon Miller,CHO,SF,22.0,27.0,27.0,34.2,0.403,0.355,0.861,4.9,3.6,1.1,0.7,2.8,21.0
Darius Garland,CLE,PG,25.0,75.0,75.0,30.7,0.472,0.401,0.878,2.9,6.7,1.2,0.1,2.5,20.6
Jordan Poole,WAS,SG,25.0,68.0,68.0,29.4,0.432,0.378,0.883,3.0,4.5,1.3,0.4,3.0,20.5
Coby White,CHI,SG,24.0,74.0,73.0,33.1,0.453,0.37,0.902,3.7,4.5,0.9,0.2,2.4,20.4
Miles Bridges,CHO,PF,26.0,64.0,64.0,31.7,0.431,0.313,0.87,7.5,3.9,0.7,0.7,2.1,20.3
Austin Reaves,LAL,SG,26.0,73.0,73.0,34.9,0.46,0.377,0.877,4.5,5.8,1.1,0.3,2.4,20.2
Pascal Siakam,IND,PF,30.0,78.0,78.0,32.7,0.519,0.389,0.734,6.9,3.4,0.9,0.5,1.4,20.2
Kristaps Porzingis,BOS,C,29.0,42.0,42.0,28.8,0.483,0.412,0.809,6.8,2.1,0.7,1.5,1.3,19.5
Scottie Barnes,TOR,PF,23.0,65.0,65.0,32.8,0.446,0.271,0.755,7.7,5.8,1.4,1.0,2.8,19.3
Anfernee Simons,POR,SG,25.0,70.0,70.0,32.7,0.426,0.363,0.902,2.7,4.8,0.9,0.1,2.0,19.3
Desmond Bane,MEM,SG,26.0,69.0,68.0,32.0,0.484,0.392,0.894,6.1,5.3,1.2,0.4,2.4,19.2
Domantas Sabonis,SAC,C,28.0,70.0,70.0,34.7,0.59,0.417,0.754,13.9,6.0,0.7,0.4,2.9,19.1
Alperen Sengun,HOU,C,22.0,76.0,76.0,31.5,0.496,0.233,0.692,10.3,4.9,1.1,0.8,2.6,19.1
John Collins,UTA,PF,27.0,40.0,31.0,30.5,0.527,0.399,0.848,8.2,2.0,1.0,1.0,2.6,19.0
Lauri Markkanen,UTA,PF,27.0,47.0,47.0,31.4,0.423,0.346,0.876,5.9,1.5,0.7,0.4,1.4,19.0
Jalen Johnson,ATL,SF,23.0,36.0,36.0,35.7,0.5,0.312,0.746,10.0,5.0,1.6,1.0,2.9,18.9
Cameron Johnson,BRK,PF,28.0,57.0,57.0,31.6,0.475,0.39,0.893,4.3,3.4,0.9,0.4,1.7,18.8
Julius Randle,MIN,PF,30.0,69.0,69.0,32.3,0.485,0.344,0.806,7.1,4.7,0.7,0.2,2.8,18.7
Tyrese Haliburton,IND,PG,24.0,73.0,73.0,33.6,0.473,0.388,0.851,3.5,9.2,1.4,0.7,1.6,18.6
Evan Mobley,CLE,PF,23.0,71.0,71.0,30.5,0.557,0.37,0.725,9.3,3.2,0.9,1.6,2.0,18.5
Shaedon Sharpe,POR,SG,21.0,72.0,52.0,31.3,0.452,0.311,0.785,4.5,2.8,0.9,0.2,2.1,18.5
Nikola Vucevic,CHI,C,34.0,73.0,72.0,31.2,0.53,0.402,0.805,10.1,3.5,0.8,0.7,1.6,18.5
Collin Sexton,UTA,SG,26.0,63.0,61.0,27.9,0.48,0.406,0.865,2.7,4.2,0.7,0.1,2.5,18.4
Michael Porter Jr.,DEN,SF,26.0,77.0,77.0,33.7,0.504,0.395,0.768,7.0,2.1,0.6,0.5,1.4,18.2
Bam Adebayo,MIA,C,27.0,78.0,78.0,34.3,0.485,0.357,0.765,9.6,4.3,1.3,0.7,2.1,18.1
OG Anunoby,NYK,PF,27.0,74.0,74.0,36.6,0.476,0.372,0.81,4.8,2.2,1.5,0.9,1.4,18.0
Mikal Bridges,NYK,SF,28.0,82.0,82.0,37.0,0.5,0.354,0.814,3.2,3.7,0.9,0.5,1.6,17.6
Jaden Ivey,DET,SG,22.0,30.0,30.0,29.9,0.46,0.409,0.733,4.1,4.0,0.9,0.4,3.0,17.6
Dejounte Murray,NOP,PG,28.0,31.0,31.0,32.6,0.393,0.299,0.823,6.5,7.4,2.0,0.4,3.4,17.5
Malik Monk,SAC,SG,26.0,65.0,45.0,31.6,0.439,0.325,0.865,3.8,5.6,0.9,0.6,2.4,17.2
Immanuel Quickley,TOR,PG,25.0,33.0,33.0,27.8,0.42,0.378,0.867,3.5,5.8,0.7,0.1,1.8,17.1
Bradley Beal,PHO,SG,31.0,53.0,38.0,32.1,0.497,0.386,0.803,3.3,3.7,1.1,0.5,1.9,17.0
Deni Avdija,POR,SF,24.0,72.0,54.0,30.0,0.476,0.365,0.78,7.3,3.9,1.0,0.5,2.7,16.9
Keyonte George,UTA,PG,21.0,67.0,35.0,31.5,0.391,0.343,0.818,3.8,5.6,0.7,0.1,2.7,16.8
Ivica Zubac,LAC,C,27.0,80.0,80.0,32.8,0.628,,0.661,12.6,2.7,0.7,1.1,1.6,16.8
Derrick White,BOS,SG,30.0,76.0,76.0,33.9,0.442,0.384,0.839,4.5,4.8,0.9,1.1,1.7,16.4
Malik Beasley,DET,SG,28.0,82.0,18.0,27.8,0.43,0.416,0.679,2.6,1.7,0.9,0.1,1.0,16.3
Devin Vassell,SAS,SG,24.0,64.0,53.0,31.0,0.443,0.368,0.792,4.0,2.9,1.3,0.5,1.4,16.3
Jordan Clarkson,UTA,SG,32.0,37.0,9.0,26.0,0.408,0.362,0.797,3.2,3.7,0.8,0.2,2.3,16.2
Paul George,PHI,PF,34.0,41.0,41.0,32.5,0.43,0.358,0.814,5.3,4.3,1.8,0.5,2.6,16.2
Jalen Suggs,ORL,PG,23.0,35.0,35.0,28.6,0.41,0.314,0.882,4.0,3.7,1.5,0.9,2.9,16.2
Bennedict Mathurin,IND,SF,22.0,72.0,49.0,29.8,0.458,0.34,0.831,5.3,1.9,0.7,0.3,1.9,16.1
Myles Turner,IND,C,28.0,72.0,72.0,30.2,0.481,0.396,0.773,6.5,1.5,0.8,2.0,1.7,15.6
Christian Braun,DEN,SG,23.0,79.0,77.0,33.9,0.58,0.397,0.827,5.2,2.6,1.1,0.5,1.0,15.4
Jonathan Kuminga,GSW,PF,22.0,47.0,10.0,24.3,0.454,0.305,0.668,4.6,2.2,0.8,0.4,1.5,15.3
Jared McCain,PHI,SG,20.0,23.0,8.0,25.7,0.46,0.383,0.875,2.4,2.6,0.7,0.0,1.6,15.3
Mark Williams,CHO,C,23.0,44.0,41.0,26.6,0.604,0.0,0.804,10.2,2.5,0.7,1.2,1.6,15.3
Kelly Oubre Jr.,PHI,SF,29.0,60.0,57.0,34.6,0.47,0.293,0.751,6.1,1.8,1.5,0.5,1.3,15.1
Chet Holmgren,OKC,C,22.0,32.0,32.0,27.4,0.49,0.379,0.754,8.0,2.0,0.7,2.2,1.8,15.0
Stephon Castle,SAS,SG,20.0,81.0,47.0,26.7,0.428,0.285,0.724,3.7,4.1,0.9,0.3,2.2,14.7
Aaron Gordon,DEN,PF,29.0,51.0,42.0,28.4,0.531,0.436,0.81,4.8,3.2,0.5,0.3,1.4,14.7
P.J. Washington,DAL,PF,26.0,57.0,56.0,32.2,0.453,0.381,0.722,7.8,2.3,1.1,1.1,2.1,14.7
Josh Giddey,CHI,PG,22.0,70.0,69.0,30.2,0.465,0.378,0.781,8.1,7.2,1.2,0.6,2.9,14.6
Jakob Poeltl,TOR,C,29.0,57.0,56.0,29.6,0.627,0.333,0.674,9.6,2.8,1.2,1.2,1.9,14.5
Deandre Ayton,POR,C,26.0,40.0,40.0,30.2,0.566,0.188,0.667,10.2,1.6,0.8,1.0,1.7,14.4
Gradey Dick,TOR,SG,21.0,54.0,54.0,29.4,0.41,0.35,0.858,3.6,1.8,0.9,0.2,1.5,14.4
Jerami Grant,POR,PF,30.0,47.0,47.0,32.4,0.373,0.365,0.849,3.5,2.1,0.9,1.0,1.4,14.4
Payton Pritchard,BOS,PG,27.0,80.0,3.0,28.4,0.472,0.407,0.845,3.8,3.5,0.9,0.2,1.0,14.3
Naz Reid,MIN,C,25.0,80.0,17.0,27.5,0.462,0.379,0.776,6.0,2.3,0.7,0.9,1.4,14.2
Dyson Daniels,ATL,SG,21.0,76.0,76.0,33.8,0.493,0.34,0.593,5.9,4.4,3.0,0.7,2.0,14.1
Tre Mann,CHO,PG,23.0,13.0,0.0,24.5,0.435,0.4,0.905,2.9,3.0,0.5,0.3,1.9,14.1
Amen Thompson,HOU,SF,22.0,69.0,42.0,32.2,0.557,0.275,0.684,8.2,3.8,1.4,1.3,2.0,14.1
Fred VanVleet,HOU,PG,30.0,60.0,60.0,35.2,0.378,0.345,0.81,3.7,5.6,1.6,0.4,1.5,14.1
Dillon Brooks,HOU,SF,29.0,75.0,75.0,31.8,0.429,0.397,0.818,3.7,1.7,0.8,0.2,1.0,14.0
Tolu Smith,DET,PF,24.0,1.0,0.0,22.0,0.667,,0.667,8.0,0.0,0.0,0.0,2.0,14.0
Klay Thompson,DAL,SF,34.0,72.0,72.0,27.3,0.412,0.391,0.905,3.4,2.0,0.7,0.4,1.2,14.0
Bobby Portis,MIL,PF,29.0,49.0,7.0,25.4,0.466,0.365,0.836,8.4,2.1,0.7,0.5,1.2,13.9
Tobias Harris,DET,PF,32.0,73.0,73.0,31.6,0.477,0.345,0.861,5.9,2.2,1.0,0.8,1.2,13.7
Josh Hart,NYK,SG,29.0,77.0,77.0,37.6,0.525,0.333,0.776,9.6,5.9,1.5,0.4,2.1,13.6
Jarrett Allen,CLE,C,26.0,82.0,82.0,28.0,0.706,0.0,0.718,9.7,1.9,0.9,0.9,1.2,13.5
Onyeka Okongwu,ATL,C,24.0,74.0,40.0,27.9,0.567,0.324,0.759,8.9,2.3,0.9,0.9,1.2,13.4
Russell Westbrook,DEN,PG,36.0,75.0,36.0,27.9,0.449,0.323,0.661,4.9,6.1,1.4,0.5,3.2,13.3
Naji Marshall,DAL,SF,27.0,69.0,31.0,27.8,0.508,0.275,0.813,4.8,3.0,1.0,0.2,1.6,13.2
Rui Hachimura,LAL,PF,26.0,59.0,57.0,31.7,0.509,0.413,0.77,5.0,1.4,0.8,0.4,0.8,13.1
Brook Lopez,MIL,C,36.0,80.0,80.0,31.8,0.509,0.373,0.826,5.0,1.8,0.6,1.9,1.1,13.0
Alex Sarr,WAS,C,19.0,67.0,67.0,27.1,0.394,0.308,0.679,6.5,2.4,0.7,1.5,1.7,13.0
Moritz Wagner,ORL,C,27.0,30.0,1.0,18.8,0.562,0.36,0.718,4.9,1.4,0.8,0.4,1.6,12.9
Malcolm Brogdon,WAS,PG,32.0,24.0,13.0,23.5,0.433,0.286,0.88,3.8,4.1,0.5,0.2,1.6,12.7
Scoot Henderson,POR,PG,20.0,66.0,10.0,26.7,0.419,0.354,0.767,3.0,5.1,1.0,0.2,2.7,12.7
Keldon Johnson,SAS,SF,25.0,77.0,0.0,23.9,0.482,0.318,0.773,4.8,1.6,0.6,0.3,1.0,12.7
Zaccharie Risacher,ATL,SF,19.0,75.0,73.0,24.6,0.458,0.355,0.711,3.6,1.2,0.7,0.5,1.2,12.6
Santi Aldama,MEM,PF,24.0,65.0,16.0,25.5,0.483,0.368,0.691,6.4,2.9,0.8,0.4,1.1,12.5
Ty Jerome,CLE,SG,27.0,70.0,3.0,19.9,0.516,0.439,0.872,2.5,3.4,1.1,0.0,1.3,12.5
Keegan Murray,SAC,PF,24.0,76.0,76.0,34.3,0.444,0.343,0.833,6.7,1.4,0.8,0.9,0.8,12.4
Lonnie Walker IV,PHI,SG,26.0,20.0,7.0,23.9,0.42,0.354,0.8,3.2,2.5,0.5,0.3,1.3,12.4
Harrison Barnes,SAS,PF,32.0,82.0,82.0,27.2,0.508,0.433,0.809,3.8,1.7,0.5,0.2,0.6,12.3
Bilal Coulibaly,WAS,SF,20.0,59.0,59.0,33.0,0.421,0.281,0.746,5.0,3.4,1.3,0.7,2.1,12.3
Ayo Dosunmu,CHI,SG,25.0,46.0,26.0,30.3,0.492,0.328,0.785,3.5,4.5,0.9,0.4,1.5,12.3
Daniel Gafford,DAL,C,26.0,57.0,31.0,21.5,0.702,,0.689,6.8,1.4,0.4,1.8,1.2,12.3
Jaden McDaniels,MIN,PF,24.0,82.0,82.0,31.9,0.477,0.33,0.813,5.7,2.0,1.3,0.9,1.2,12.2
Jabari Smith Jr.,HOU,PF,21.0,57.0,39.0,30.1,0.438,0.354,0.825,7.0,1.1,0.4,0.7,1.1,12.2
Drew Timme,BRK,PF,24.0,9.0,2.0,28.2,0.441,0.257,0.625,7.2,2.2,0.4,0.1,1.7,12.1
Tari Eason,HOU,PF,23.0,57.0,16.0,24.9,0.487,0.342,0.76,6.4,1.5,1.7,0.9,1.1,12.0
Rudy Gobert,MIN,C,32.0,72.0,72.0,33.2,0.669,,0.674,10.9,1.8,0.8,1.4,1.2,12.0
Aaron Nesmith,IND,SF,25.0,45.0,37.0,24.9,0.507,0.431,0.913,4.0,1.2,0.8,0.4,0.8,12.0
Aaron Wiggins,OKC,SG,26.0,76.0,26.0,22.9,0.488,0.383,0.831,3.9,1.8,0.8,0.2,0.9,12.0
Jalen Duren,DET,C,21.0,78.0,78.0,26.1,0.692,,0.669,10.3,2.7,0.7,1.1,1.7,11.8
Donte DiVincenzo,MIN,SG,28.0,62.0,10.0,25.9,0.422,0.397,0.778,3.7,3.6,1.2,0.3,1.6,11.7
Brandin Podziemski,GSW,SG,21.0,64.0,33.0,26.8,0.445,0.372,0.758,5.1,3.4,1.1,0.2,1.2,11.7
Corey Kispert,WAS,SF,25.0,61.0,0.0,26.3,0.451,0.364,0.852,3.0,1.7,0.4,0.2,1.0,11.6
Jeremy Sochan,SAS,PF,21.0,54.0,23.0,25.3,0.535,0.308,0.696,6.5,2.4,0.8,0.5,1.6,11.4
Toumani Camara,POR,PF,24.0,78.0,78.0,32.7,0.458,0.375,0.722,5.8,2.2,1.5,0.6,1.4,11.3
Isaiah Hartenstein,OKC,C,26.0,57.0,53.0,27.9,0.581,0.0,0.675,10.7,3.8,0.8,1.1,1.7,11.2
Buddy Hield,GSW,SG,32.0,82.0,22.0,22.7,0.417,0.37,0.828,3.2,1.6,0.8,0.3,1.1,11.1
Jrue Holiday,BOS,PG,34.0,62.0,62.0,30.6,0.443,0.353,0.909,4.3,3.9,1.1,0.4,1.2,11.1
Walker Kessler,UTA,C,23.0,58.0,58.0,30.0,0.663,0.176,0.52,12.2,1.7,0.6,2.4,1.5,11.1
Gary Trent Jr.,MIL,SG,26.0,74.0,9.0,25.6,0.431,0.416,0.848,2.3,1.2,1.0,0.1,0.6,11.1
Spencer Dinwiddie,DAL,PG,31.0,79.0,30.0,27.0,0.416,0.334,0.802,2.6,4.4,0.9,0.2,1.3,11.0
Tim Hardaway Jr.,DET,SG,32.0,77.0,77.0,28.0,0.406,0.368,0.855,2.4,1.6,0.5,0.1,0.6,11.0
Duncan Robinson,MIA,SF,30.0,74.0,37.0,24.1,0.437,0.393,0.887,2.3,2.4,0.5,0.1,1.2,11.0
Guerschon Yabusele,PHI,C,29.0,70.0,43.0,27.1,0.501,0.38,0.725,5.6,2.1,0.8,0.3,1.2,11.0
Brice Sensabaugh,UTA,SF,21.0,71.0,15.0,20.2,0.459,0.422,0.89,3.0,1.5,0.6,0.1,1.5,10.9
Jordan Hawkins,NOP,SG,22.0,56.0,9.0,23.6,0.372,0.331,0.816,2.8,1.2,0.5,0.4,1.0,10.8
Brandon Boston Jr.,NOP,SG,23.0,42.0,10.0,23.6,0.436,0.35,0.788,3.2,2.2,1.3,0.2,1.2,10.7
Nikola Jovic,MIA,PF,21.0,46.0,10.0,25.1,0.456,0.371,0.828,3.9,2.8,0.8,0.3,1.3,10.7
Grayson Allen,PHO,SG,29.0,64.0,7.0,24.1,0.448,0.426,0.816,3.0,2.1,0.8,0.3,1.2,10.6
Keon Johnson,BRK,SG,22.0,79.0,56.0,24.4,0.389,0.314,0.77,3.8,2.2,1.0,0.4,1.5,10.6
Terry Rozier,MIA,PG,30.0,64.0,23.0,25.9,0.391,0.295,0.852,3.7,2.6,0.6,0.2,1.2,10.6
Obi Toppin,IND,PF,26.0,79.0,4.0,19.6,0.529,0.365,0.781,4.0,1.6,0.6,0.4,0.9,10.5
Ochai Agbaji,TOR,SG,24.0,64.0,45.0,27.2,0.498,0.399,0.708,3.8,1.5,0.9,0.5,0.8,10.4
Jaylen Wells,MEM,SG,21.0,79.0,74.0,25.9,0.425,0.352,0.822,3.4,1.7,0.6,0.1,0.9,10.4
Grant Williams,CHO,PF,26.0,16.0,7.0,29.9,0.439,0.365,0.838,5.1,2.3,1.1,0.8,1.8,10.4
Jose Alvarado,NOP,PG,26.0,56.0,23.0,24.4,0.392,0.359,0.811,2.4,4.6,1.3,0.3,1.5,10.3
Nic Claxton,BRK,C,25.0,70.0,62.0,26.9,0.563,0.238,0.513,7.4,2.2,0.9,1.4,1.2,10.3
Herbert Jones,NOP,SF,26.0,20.0,20.0,32.4,0.436,0.306,0.825,3.9,3.3,1.9,0.5,1.8,10.3
De'Anthony Melton,GSW,SG,26.0,6.0,2.0,20.2,0.407,0.371,0.625,3.3,2.8,1.2,0.3,1.7,10.3
Isaiah Joe,OKC,SG,25.0,74.0,16.0,21.7,0.44,0.412,0.821,2.6,1.6,0.6,0.1,0.5,10.2
Tyus Jones,PHO,PG,28.0,81.0,58.0,26.8,0.448,0.414,0.895,2.4,5.3,0.9,0.1,1.1,10.2
Trendon Watford,BRK,PF,24.0,44.0,6.0,20.8,0.469,0.33,0.762,3.6,2.6,0.6,0.3,1.9,10.2
Keion Brooks Jr.,NOP,SF,24.0,14.0,6.0,23.7,0.486,0.326,0.733,4.1,0.9,0.7,0.7,0.9,10.1
Luguentz Dort,OKC,SF,25.0,71.0,71.0,29.2,0.435,0.412,0.717,4.1,1.6,1.1,0.5,0.7,10.1
Justin Edwards,PHI,SF,21.0,44.0,26.0,26.3,0.455,0.363,0.696,3.4,1.6,1.0,0.4,1.1,10.1
Derrick Jones Jr.,LAC,SF,27.0,77.0,55.0,24.3,0.526,0.356,0.703,3.4,0.8,1.0,0.4,0.9,10.1
Ausar Thompson,DET,SF,22.0,59.0,48.0,22.5,0.535,0.224,0.641,5.1,2.3,1.7,0.7,1.4,10.1
Chris Boucher,TOR,PF,32.0,50.0,0.0,17.2,0.492,0.363,0.782,4.5,0.7,0.5,0.5,0.6,10.0
Andrew Nembhard,IND,SG,25.0,65.0,65.0,28.9,0.458,0.291,0.794,3.3,5.0,1.2,0.2,1.7,10.0
Ziaire Williams,BRK,SF,23.0,63.0,45.0,24.5,0.412,0.341,0.821,4.6,1.3,1.0,0.4,1.1,10.0
Julian Champagnie,SAS,SF,23.0,82.0,29.0,23.6,0.415,0.371,0.904,3.9,1.4,0.7,0.4,0.9,9.9
Scotty Pippen Jr.,MEM,PG,24.0,79.0,21.0,21.3,0.48,0.397,0.713,3.3,4.4,1.3,0.4,1.7,9.9
Nick Smith Jr.,CHO,SG,20.0,60.0,27.0,22.8,0.391,0.34,0.935,2.1,2.4,0.3,0.1,1.4,9.9
Bub Carrington,WAS,PG,19.0,82.0,57.0,30.0,0.401,0.339,0.812,4.2,4.4,0.7,0.3,1.7,9.8
Moses Moody,GSW,SG,22.0,74.0,34.0,22.3,0.433,0.374,0.797,2.6,1.3,0.8,0.4,0.7,9.8
Amir Coffey,LAC,SG,27.0,72.0,13.0,24.3,0.471,0.409,0.891,2.2,1.1,0.6,0.1,0.6,9.7
Kyle Filipowski,UTA,C,21.0,72.0,27.0,21.1,0.502,0.35,0.65,6.1,1.9,0.7,0.3,1.4,9.6
Tosan Evbuomwan,BRK,SF,23.0,28.0,0.0,23.8,0.427,0.312,0.753,4.3,2.0,0.9,0.4,1.4,9.5
Miles McBride,NYK,SG,24.0,64.0,10.0,24.9,0.406,0.369,0.813,2.5,2.9,1.0,0.3,0.6,9.5
Jalen Wilson,BRK,PF,24.0,79.0,22.0,25.7,0.397,0.337,0.818,3.4,1.8,0.5,0.1,1.0,9.5
Nickeil Alexander-Walker,MIN,SG,26.0,82.0,10.0,25.3,0.438,0.381,0.78,3.2,2.7,0.6,0.4,1.2,9.4
Cole Anthony,ORL,PG,24.0,67.0,22.0,18.4,0.424,0.353,0.823,3.0,2.9,0.7,0.5,1.5,9.4
Anthony Black,ORL,PG,21.0,78.0,10.0,24.2,0.423,0.318,0.761,2.9,3.1,1.1,0.6,1.8,9.4
Max Strus,CLE,SF,28.0,50.0,37.0,25.5,0.442,0.386,0.824,4.3,3.2,0.5,0.2,1.1,9.4
Tristan Vukcevic,WAS,C,21.0,35.0,1.0,14.7,0.496,0.373,0.776,3.7,1.1,0.3,0.7,1.2,9.4
Cam Whitmore,HOU,SF,20.0,51.0,3.0,16.2,0.444,0.355,0.75,3.0,1.0,0.6,0.3,0.9,9.4
Kel'el Ware,MIA,C,20.0,64.0,36.0,22.2,0.554,0.315,0.687,7.4,0.9,0.6,1.1,0.9,9.3
Zach Edey,MEM,C,22.0,66.0,55.0,21.5,0.58,0.346,0.709,8.3,1.0,0.5,1.3,1.3,9.2
Wendell Carter Jr.,ORL,C,25.0,68.0,51.0,25.9,0.46,0.234,0.737,7.2,2.0,0.8,0.6,1.1,9.1
Noah Clowney,BRK,PF,20.0,46.0,20.0,22.7,0.358,0.333,0.838,3.9,0.9,0.5,0.5,1.0,9.1
Dalton Knecht,LAL,SF,23.0,78.0,16.0,19.2,0.461,0.376,0.762,2.8,0.8,0.3,0.1,0.5,9.1
A.J. Lawson,TOR,SG,24.0,26.0,2.0,18.7,0.421,0.327,0.683,3.3,1.2,0.5,0.2,0.6,9.1
T.J. McConnell,IND,PG,32.0,79.0,1.0,17.9,0.519,0.306,0.74,2.4,4.4,1.1,0.3,1.4,9.1
Yves Missi,NOP,C,20.0,73.0,67.0,26.8,0.547,0.0,0.623,8.2,1.4,0.5,1.3,1.1,9.1
Royce O'Neale,PHO,SF,31.0,75.0,22.0,24.5,0.423,0.406,0.731,4.7,2.2,0.9,0.5,0.9,9.1
Draymond Green,GSW,PF,34.0,68.0,66.0,29.2,0.424,0.325,0.687,6.1,5.6,1.5,1.0,2.6,9.0
Killian Hayes,BRK,PG,23.0,6.0,5.0,27.0,0.419,0.381,0.833,3.0,5.2,0.7,0.7,1.5,9.0
Al Horford,BOS,C,38.0,60.0,42.0,27.7,0.423,0.363,0.895,6.2,2.1,0.6,0.9,0.8,9.0
Julian Strawther,DEN,SG,22.0,65.0,4.0,21.3,0.432,0.349,0.822,2.2,1.3,0.6,0.2,0.9,9.0
Patrick Williams,CHI,PF,23.0,63.0,36.0,25.0,0.397,0.353,0.723,3.8,2.0,0.8,0.5,1.4,9.0
Clint Capela,ATL,C,30.0,55.0,41.0,21.4,0.559,0.0,0.536,8.5,1.1,0.6,1.0,0.9,8.9
Johnny Juzang,UTA,SG,23.0,64.0,18.0,19.8,0.429,0.376,0.849,2.9,1.1,0.6,0.1,0.6,8.9
Luke Kennard,MEM,SG,28.0,65.0,11.0,22.6,0.478,0.433,0.895,2.8,3.3,0.8,0.1,1.1,8.9
Justin Champagnie,WAS,SF,23.0,62.0,31.0,21.6,0.511,0.383,0.685,5.7,1.0,1.0,0.6,0.9,8.8
Svi Mykhailiuk,UTA,SF,27.0,38.0,13.0,20.0,0.391,0.345,0.8,2.4,2.0,0.5,0.2,1.4,8.8
Chris Paul,SAS,PG,39.0,82.0,82.0,28.0,0.427,0.377,0.924,3.6,7.4,1.3,0.3,1.6,8.8
Oshae Brissett,PHI,SF,26.0,6.0,2.0,23.7,0.487,0.333,0.571,3.7,0.7,0.7,0.5,1.3,8.7
Kentavious Caldwell-Pope,ORL,SG,31.0,77.0,77.0,29.6,0.439,0.342,0.863,2.2,1.8,1.3,0.4,0.8,8.7
Isaiah Collier,UTA,PG,20.0,71.0,46.0,25.9,0.422,0.249,0.682,3.3,6.3,0.9,0.2,2.9,8.7
Dante Exum,DAL,PG,29.0,20.0,13.0,18.6,0.478,0.434,0.742,1.7,2.8,0.6,0.2,1.1,8.7
Kyshawn George,WAS,SG,21.0,68.0,38.0,26.5,0.372,0.322,0.753,4.2,2.5,1.0,0.7,1.4,8.7
Jaden Hardy,DAL,SG,22.0,57.0,3.0,15.9,0.435,0.386,0.698,1.6,1.4,0.5,0.1,1.4,8.7
Dereck Lively II,DAL,C,20.0,36.0,29.0,23.1,0.702,,0.63,7.5,2.4,0.6,1.6,1.1,8.7
Tyrese Martin,BRK,SG,25.0,60.0,11.0,21.9,0.406,0.351,0.793,3.7,2.0,0.6,0.2,1.2,8.7
Matas Buzelis,CHI,SF,20.0,80.0,31.0,18.9,0.454,0.361,0.815,3.5,1.0,0.4,0.9,0.9,8.6
Jaime Jaquez Jr.,MIA,SF,23.0,66.0,17.0,20.7,0.461,0.311,0.754,4.4,2.5,0.9,0.2,1.5,8.6
Ja'Kobe Walter,TOR,SG,20.0,52.0,18.0,21.2,0.405,0.349,0.795,3.1,1.6,0.8,0.2,1.0,8.6
Sam Hauser,BOS,PF,27.0,71.0,19.0,21.7,0.451,0.416,1.0,3.2,0.9,0.6,0.2,0.3,8.5
Larry Nance Jr.,ATL,PF,32.0,24.0,3.0,19.3,0.516,0.447,0.692,4.3,1.6,0.8,0.5,0.7,8.5
Jaylen Nowell,NOP,SG,25.0,8.0,0.0,21.0,0.356,0.296,0.636,2.5,2.3,0.1,0.5,1.0,8.4
Cason Wallace,OKC,SG,21.0,68.0,43.0,27.6,0.474,0.356,0.811,3.4,2.5,1.8,0.5,0.9,8.4
Dalano Banton,POR,PG,25.0,67.0,7.0,16.7,0.391,0.324,0.728,2.0,2.4,0.6,0.5,1.3,8.3
Brandon Clarke,MEM,PF,28.0,64.0,18.0,18.9,0.621,0.059,0.701,5.1,1.0,0.8,0.6,0.6,8.3
Keon Ellis,SAC,SG,25.0,80.0,28.0,24.4,0.489,0.433,0.849,2.7,1.5,1.5,0.8,0.9,8.3
Brandon Williams,DAL,PG,25.0,33.0,3.0,14.8,0.521,0.4,0.833,1.8,2.3,0.7,0.2,1.2,8.3
Mike Conley,MIN,PG,37.0,71.0,64.0,24.7,0.4,0.41,0.9,2.6,4.5,1.1,0.2,1.1,8.2
Taurean Prince,MIL,SF,30.0,80.0,73.0,27.1,0.457,0.439,0.813,3.6,1.9,1.0,0.2,1.0,8.2
Jalen Smith,CHI,C,24.0,64.0,2.0,15.0,0.466,0.324,0.809,5.6,1.0,0.3,0.7,0.6,8.2
Quinten Post,GSW,PF,24.0,42.0,14.0,16.3,0.449,0.408,0.778,3.5,1.3,0.4,0.4,0.8,8.1
Peyton Watson,DEN,SF,22.0,68.0,18.0,24.4,0.477,0.353,0.693,3.4,1.4,0.7,1.4,0.8,8.1
Tyson Etienne,BRK,PG,25.0,7.0,0.0,21.6,0.327,0.295,0.8,1.3,1.7,0.4,0.1,1.1,7.9
Day'Ron Sharpe,BRK,C,23.0,50.0,2.0,18.2,0.521,0.244,0.757,6.6,1.8,0.8,0.8,1.3,7.9
KJ Simpson,CHO,PG,22.0,36.0,15.0,23.4,0.346,0.254,0.82,3.0,3.1,0.9,0.2,1.6,7.8
Karlo Matkovic,NOP,PF,23.0,42.0,7.0,18.8,0.574,0.318,0.773,5.0,1.1,0.5,1.0,1.0,7.7
Lonzo Ball,CHI,PG,27.0,35.0,14.0,22.2,0.366,0.344,0.815,3.4,3.3,1.3,0.5,1.2,7.6
Oscar Tshiebwe,UTA,C,25.0,14.0,1.0,18.2,0.6,,0.742,8.7,0.6,0.9,0.1,0.7,7.6
Garrison Mathews,ATL,SG,28.0,47.0,2.0,17.7,0.397,0.39,0.821,1.9,1.3,0.6,0.3,0.7,7.5
Matisse Thybulle,POR,SG,27.0,15.0,5.0,20.8,0.477,0.438,0.467,3.5,1.9,2.2,0.6,0.9,7.5
A.J. Green,MIL,SG,25.0,73.0,7.0,22.7,0.429,0.427,0.815,2.4,1.5,0.5,0.1,0.5,7.4
Josh Green,CHO,SG,24.0,68.0,67.0,27.8,0.428,0.391,0.681,2.5,1.6,1.1,0.2,1.0,7.4
Richaun Holmes,WAS,PF,31.0,31.0,7.0,17.2,0.647,0.0,0.833,5.7,1.4,0.3,0.7,0.7,7.4
Damion Baugh,CHO,SG,24.0,15.0,2.0,24.7,0.323,0.214,0.867,3.3,3.7,1.0,0.1,2.1,7.3
Alec Burks,MIA,SG,33.0,49.0,14.0,17.6,0.424,0.425,0.776,2.5,1.1,0.6,0.1,0.6,7.3
Ricky Council IV,PHI,SF,23.0,73.0,12.0,17.1,0.382,0.258,0.804,2.9,1.3,0.4,0.2,0.7,7.3
Andre Drummond,PHI,C,31.0,40.0,23.0,18.8,0.5,0.15,0.622,7.8,0.9,1.0,0.5,1.4,7.3
Goga Bitadze,ORL,C,25.0,70.0,42.0,20.4,0.611,0.107,0.639,6.6,2.0,0.7,1.4,1.0,7.2
Tristan Da Silva,ORL,SF,23.0,74.0,38.0,22.0,0.412,0.335,0.873,3.3,1.5,0.4,0.2,0.8,7.2
GG Jackson II,MEM,PF,20.0,29.0,3.0,15.8,0.372,0.337,0.725,3.2,1.0,0.4,0.2,1.1,7.2
Vit Krejci,ATL,PG,24.0,57.0,16.0,20.2,0.497,0.437,0.711,2.7,2.6,0.6,0.5,0.9,7.2
Sam Merrill,CLE,SG,28.0,71.0,4.0,19.7,0.406,0.372,0.966,2.2,1.5,0.7,0.2,0.5,7.2
Daeqwon Plowden,ATL,SG,26.0,6.0,0.0,12.0,0.64,0.529,1.0,1.8,0.3,0.0,0.0,0.7,7.2
Nae'Qwan Tomlin,CLE,PF,24.0,5.0,1.0,12.6,0.406,0.2,0.727,4.2,0.4,0.0,0.2,0.4,7.2
Jamison Battle,TOR,SF,23.0,59.0,10.0,17.7,0.429,0.405,0.889,2.7,0.9,0.3,0.2,0.5,7.1
Alex Caruso,OKC,SG,30.0,54.0,3.0,19.3,0.446,0.353,0.824,2.9,2.5,1.6,0.6,0.7,7.1
Jamal Shead,TOR,PG,22.0,75.0,11.0,19.6,0.405,0.323,0.768,1.5,4.2,0.8,0.1,1.6,7.1
Jeff Dowtin Jr.,PHI,PG,27.0,41.0,3.0,15.1,0.487,0.4,0.733,1.5,1.9,0.6,0.3,0.4,7.0
Marcus Garrett,CHO,SG,26.0,4.0,0.0,19.8,0.407,0.375,0.75,1.5,3.3,0.8,0.5,1.5,7.0
Isaiah Jackson,IND,C,23.0,5.0,1.0,16.8,0.609,,0.5,5.6,1.0,0.6,1.6,1.0,7.0
Jaylen Sims,CHO,SG,26.0,6.0,0.0,18.7,0.429,0.4,0.8,1.0,2.0,0.5,0.2,1.3,7.0
Ryan Dunn,PHO,SF,22.0,74.0,44.0,19.1,0.43,0.311,0.487,3.6,0.8,0.6,0.5,0.5,6.9
Jay Huff,MEM,C,26.0,64.0,2.0,11.7,0.515,0.405,0.786,2.0,0.6,0.3,0.9,0.5,6.9
Cameron Payne,NYK,PG,30.0,72.0,5.0,15.1,0.401,0.363,0.907,1.4,2.8,0.5,0.2,0.7,6.9
Antonio Reeves,NOP,SG,24.0,44.0,6.0,15.0,0.456,0.395,0.8,1.4,0.9,0.5,0.1,0.7,6.9
Bol Bol,PHO,PF,25.0,36.0,10.0,12.4,0.525,0.344,0.769,2.9,0.6,0.3,0.7,0.6,6.8
Eric Gordon,PHI,SG,36.0,39.0,13.0,19.7,0.426,0.409,0.75,1.2,1.7,0.7,0.3,0.7,6.8
Jaxson Hayes,LAL,C,24.0,56.0,35.0,19.5,0.722,0.0,0.622,4.8,1.0,0.6,0.9,0.8,6.8
Marcus Bagley,PHI,SF,23.0,10.0,4.0,25.3,0.391,0.156,0.8,7.0,1.0,0.9,1.2,0.7,6.7
DaQuan Jeffries,CHO,SG,27.0,47.0,20.0,22.8,0.405,0.335,0.8,2.9,1.1,0.6,0.5,0.7,6.7
Precious Achiuwa,NYK,C,25.0,57.0,10.0,20.5,0.502,0.278,0.594,5.6,1.0,0.8,0.7,0.8,6.6
Trayce Jackson-Davis,GSW,C,24.0,62.0,37.0,15.6,0.576,0.0,0.578,5.0,1.7,0.4,0.6,0.7,6.6
Marcus Sasser,DET,PG,24.0,57.0,1.0,14.2,0.463,0.382,0.843,1.2,2.3,0.6,0.1,0.9,6.6
Vince Williams Jr.,MEM,SG,24.0,27.0,5.0,18.5,0.401,0.274,0.792,3.6,2.0,0.4,0.3,1.2,6.6
Donovan Clingan,POR,C,20.0,67.0,37.0,19.8,0.539,0.286,0.596,7.9,1.1,0.5,1.6,1.1,6.5
Seth Curry,CHO,SG,34.0,68.0,14.0,15.6,0.478,0.456,0.846,1.7,0.9,0.4,0.1,0.5,6.5
Haywood Highsmith,MIA,SF,28.0,74.0,42.0,24.6,0.458,0.382,0.721,3.4,1.5,0.9,0.5,0.7,6.5
Talen Horton-Tucker,CHI,SG,24.0,58.0,0.0,12.5,0.457,0.336,0.735,1.7,1.4,0.4,0.2,0.7,6.5
Trey Lyles,SAC,PF,29.0,69.0,5.0,19.6,0.42,0.34,0.7,4.6,1.2,0.6,0.3,0.6,6.5
Ajay Mitchell,OKC,SG,22.0,36.0,1.0,16.6,0.495,0.383,0.829,1.9,1.8,0.7,0.1,0.8,6.5
Gary Payton II,GSW,SG,32.0,62.0,11.0,15.0,0.574,0.326,0.711,3.0,1.3,0.8,0.3,0.6,6.5
Kris Dunn,LAC,PG,30.0,74.0,58.0,24.1,0.439,0.335,0.682,3.4,2.8,1.7,0.4,1.0,6.4
Ron Holland,DET,SF,19.0,81.0,2.0,15.6,0.474,0.238,0.754,2.7,1.0,0.6,0.2,0.9,6.4
Gabe Vincent,LAL,PG,28.0,72.0,11.0,21.2,0.4,0.353,0.714,1.3,1.4,0.7,0.2,0.6,6.4
Sandro Mamukelashvili,SAS,PF,25.0,61.0,0.0,11.2,0.502,0.373,0.741,3.1,0.8,0.4,0.3,0.4,6.3
Jeremiah Robinson-Earl,NOP,PF,24.0,66.0,9.0,18.8,0.455,0.341,0.836,4.8,1.3,0.6,0.1,0.8,6.3
Kenrich Williams,OKC,PF,30.0,69.0,7.0,16.4,0.483,0.386,0.718,3.5,1.4,0.6,0.1,0.6,6.3
Jonathan Mogbo,TOR,PF,23.0,63.0,18.0,20.4,0.438,0.243,0.732,4.9,2.3,0.9,0.5,1.1,6.2
Ryan Rollins,MIL,PG,22.0,56.0,19.0,14.6,0.487,0.408,0.8,1.9,1.9,0.8,0.3,0.9,6.2
Dru Smith,MIA,SG,27.0,14.0,1.0,19.1,0.508,0.533,0.75,2.6,1.6,1.5,0.4,1.2,6.2
Isaac Okoro,CLE,SG,24.0,55.0,22.0,19.1,0.464,0.371,0.717,2.4,1.2,0.6,0.3,0.4,6.1
Jarace Walker,IND,PF,21.0,75.0,5.0,15.8,0.472,0.405,0.667,3.1,1.5,0.7,0.3,1.0,6.1
N'Faly Dante,HOU,C,23.0,4.0,0.0,12.8,0.769,,0.8,5.3,0.5,0.3,1.3,0.5,6.0
Mouhamed Gueye,ATL,PF,22.0,33.0,28.0,16.2,0.421,0.259,0.762,4.2,0.8,0.8,1.0,0.5,6.0
Luke Kornet,BOS,C,29.0,73.0,16.0,18.6,0.668,0.0,0.691,5.3,1.6,0.5,1.0,0.4,6.0
Isaiah Mobley,PHI,PF,25.0,1.0,0.0,17.0,0.286,0.333,0.5,4.0,5.0,1.0,1.0,0.0,6.0
Isaiah Stewart,DET,C,23.0,72.0,4.0,19.9,0.559,0.321,0.759,5.5,1.7,0.4,1.4,0.9,6.0
James Wiseman,IND,C,23.0,1.0,0.0,5.0,0.5,0.0,1.0,1.0,0.0,0.0,0.0,0.0,6.0
Isaiah Wong,CHO,SG,24.0,20.0,0.0,13.3,0.39,0.394,0.735,1.6,1.4,0.6,0.0,0.9,6.0
Simone Fontecchio,DET,SF,29.0,75.0,0.0,16.5,0.402,0.335,0.833,2.9,0.9,0.4,0.2,0.7,5.9
Collin Gillespie,PHO,PG,25.0,33.0,9.0,14.0,0.43,0.433,0.864,2.4,2.4,0.6,0.2,0.5,5.9
Tidjane Salaun,CHO,PF,19.0,60.0,10.0,20.7,0.33,0.283,0.713,4.7,1.2,0.5,0.2,1.0,5.9
Jaylin Williams,OKC,PF,22.0,47.0,9.0,16.7,0.439,0.399,0.767,5.6,2.6,0.5,0.6,0.7,5.9
Adem Bona,PHI,C,21.0,58.0,11.0,15.6,0.703,0.0,0.67,4.2,0.5,0.4,1.2,1.1,5.8
Quenton Jackson,IND,PG,26.0,28.0,7.0,13.6,0.475,0.375,0.775,1.6,1.9,0.8,0.2,0.6,5.8
Robert Williams,POR,C,27.0,20.0,3.0,17.6,0.641,0.333,0.882,5.9,1.1,0.7,1.7,0.9,5.8
Moussa Diabate,CHO,C,23.0,71.0,8.0,17.5,0.596,0.0,0.595,6.2,0.8,0.6,0.6,0.9,5.7
Landry Shamet,NYK,SG,27.0,50.0,0.0,15.2,0.461,0.397,0.667,1.2,0.5,0.5,0.0,0.4,5.7
Dariq Whitehead,BRK,SF,20.0,20.0,0.0,12.3,0.406,0.446,0.6,1.5,0.6,0.3,0.1,0.8,5.7
Jordan Goodwin,LAL,PG,26.0,29.0,5.0,18.7,0.438,0.382,0.818,3.9,1.4,1.0,0.4,0.9,5.6
Aaron Holiday,HOU,PG,28.0,62.0,3.0,12.8,0.437,0.398,0.829,1.3,1.3,0.3,0.2,0.6,5.5
Jeff Green,HOU,PF,38.0,32.0,3.0,12.4,0.504,0.367,0.808,1.8,0.6,0.2,0.1,0.3,5.4
Jonathan Isaac,ORL,PF,27.0,71.0,1.0,15.4,0.414,0.258,0.682,4.4,0.6,0.9,1.1,0.5,5.4
Dean Wade,CLE,PF,28.0,59.0,30.0,21.2,0.413,0.36,0.533,4.2,1.3,0.7,0.3,0.4,5.4
Keaton Wallace,ATL,PG,25.0,31.0,5.0,16.2,0.401,0.329,1.0,1.6,2.6,0.9,0.3,1.1,5.4
Kobe Bufkin,ATL,SG,21.0,10.0,0.0,12.4,0.383,0.211,0.722,2.1,1.7,0.3,0.2,0.8,5.3
Jamal Cain,NOP,SF,25.0,37.0,0.0,13.6,0.43,0.325,0.68,2.3,0.6,0.6,0.2,0.6,5.3
Pat Connaughton,MIL,SG,32.0,41.0,1.0,14.7,0.469,0.321,0.774,2.7,1.7,0.2,0.3,0.6,5.3
Kevin Love,MIA,PF,36.0,23.0,9.0,10.9,0.357,0.358,0.696,4.1,1.0,0.7,0.2,0.6,5.3
Ben Sheppard,IND,SG,23.0,63.0,9.0,19.5,0.418,0.342,0.889,2.8,1.3,0.6,0.2,0.3,5.3
Monte Morris,PHO,PG,29.0,45.0,0.0,12.7,0.426,0.36,0.857,1.5,1.6,0.4,0.1,0.5,5.2
Jabari Walker,POR,PF,22.0,60.0,1.0,12.5,0.515,0.389,0.69,3.5,0.6,0.6,0.1,0.6,5.2
Bismack Biyombo,SAS,C,32.0,28.0,26.0,18.9,0.588,,0.4,5.6,1.1,0.6,0.8,1.0,5.1
Mitchell Robinson,NYK,C,26.0,17.0,3.0,17.1,0.661,,0.684,5.9,0.8,0.9,1.1,0.6,5.1
Malaki Branham,SAS,SG,21.0,47.0,0.0,9.1,0.458,0.405,0.818,1.1,0.8,0.2,0.0,0.7,5.0
Neemias Queta,BOS,C,25.0,62.0,6.0,13.9,0.65,0.0,0.754,3.8,0.7,0.3,0.7,0.6,5.0
Alondes Williams,DET,SG,25.0,1.0,0.0,4.0,1.0,1.0,,0.0,1.0,0.0,0.0,0.0,5.0
Trevelin Queen,ORL,SG,27.0,31.0,2.0,13.9,0.381,0.286,0.857,1.7,1.2,1.0,0.3,0.7,4.9
Jock Landale,HOU,C,29.0,42.0,3.0,11.9,0.533,0.423,0.675,3.3,0.9,0.3,0.2,0.5,4.8
Taylor Hendricks,UTA,PF,21.0,3.0,3.0,25.0,0.222,0.25,0.75,5.0,0.7,1.7,1.3,0.7,4.7
Pelle Larsson,MIA,SG,23.0,55.0,8.0,14.2,0.438,0.337,0.672,1.7,1.2,0.6,0.1,0.4,4.6
Julian Phillips,CHI,SF,21.0,79.0,5.0,14.2,0.446,0.327,0.789,2.1,0.5,0.5,0.3,0.3,4.6
Cody Williams,UTA,SG,20.0,50.0,21.0,21.2,0.323,0.259,0.725,2.3,1.2,0.5,0.3,0.9,4.6
Rob Dillingham,MIN,PG,20.0,49.0,1.0,10.5,0.441,0.338,0.533,1.0,2.0,0.4,0.0,1.1,4.5
Jett Howard,ORL,SF,21.0,60.0,0.0,11.7,0.374,0.296,0.696,1.2,0.7,0.2,0.2,0.6,4.5
Kevon Looney,GSW,C,28.0,76.0,6.0,15.0,0.514,0.4,0.566,6.1,1.6,0.6,0.5,0.5,4.5
Mason Plumlee,PHO,C,34.0,74.0,21.0,17.6,0.619,0.0,0.648,6.1,1.8,0.4,0.6,0.8,4.5
Dalen Terry,CHI,SG,22.0,73.0,5.0,13.5,0.448,0.356,0.71,1.7,1.3,0.6,0.2,0.7,4.5
Charles Bassey,SAS,C,24.0,36.0,1.0,10.4,0.581,,0.636,4.2,0.5,0.4,0.8,0.6,4.4
Tony Bradley,IND,C,27.0,14.0,0.0,8.1,0.644,0.333,0.333,3.0,0.4,0.1,0.6,0.4,4.4
Reggie Jackson,PHI,PG,34.0,31.0,1.0,12.4,0.391,0.338,0.778,1.4,1.5,0.5,0.1,0.5,4.4
Reed Sheppard,HOU,PG,20.0,52.0,3.0,12.6,0.351,0.338,0.813,1.5,1.4,0.7,0.3,0.7,4.4
Lamar Stevens,MEM,PF,27.0,17.0,1.0,9.1,0.46,0.296,0.727,2.2,0.5,0.3,0.2,0.6,4.4
Jevon Carter,CHI,PG,29.0,36.0,1.0,8.9,0.377,0.333,0.8,1.1,1.1,0.4,0.1,0.3,4.3
Micah Potter,UTA,C,26.0,38.0,10.0,18.6,0.422,0.316,0.85,4.3,0.8,0.4,0.4,0.8,4.3
Terrence Shannon Jr.,MIN,SG,24.0,32.0,1.0,10.6,0.482,0.355,0.81,1.5,1.0,0.2,0.2,0.5,4.3
Daniel Theis,NOP,C,32.0,38.0,9.0,16.3,0.473,0.243,0.838,4.3,1.6,0.5,0.5,0.7,4.3
Dominick Barlow,ATL,PF,21.0,35.0,4.0,10.7,0.531,0.259,0.636,2.4,0.5,0.3,0.5,0.1,4.2
Kessler Edwards,DAL,SF,24.0,40.0,18.0,15.2,0.496,0.407,0.923,2.9,1.1,0.5,0.5,0.4,4.2
Oso Ighodaro,PHO,PF,22.0,61.0,6.0,17.1,0.604,0.0,0.58,3.6,1.2,0.5,0.5,0.6,4.2
Kris Murray,POR,SF,24.0,69.0,6.0,15.1,0.419,0.225,0.456,2.6,1.0,0.5,0.2,0.6,4.2
Duop Reath,POR,C,28.0,46.0,0.0,10.2,0.422,0.321,0.909,2.0,0.6,0.3,0.3,0.3,4.2
Cam Spencer,MEM,SG,24.0,25.0,1.0,10.1,0.415,0.365,1.0,1.2,1.4,0.4,0.0,0.2,4.2
Jaylen Clark,MIN,SG,23.0,40.0,4.0,13.1,0.467,0.431,0.784,1.3,0.7,0.9,0.1,0.2,4.1
Caleb Houstan,ORL,SF,22.0,58.0,6.0,13.6,0.421,0.4,0.882,1.3,0.6,0.4,0.1,0.2,4.1
Jordan Miller,LAC,SF,25.0,37.0,0.0,11.4,0.433,0.211,0.8,1.6,0.9,0.5,0.1,0.7,4.1
Jalen Pickett,DEN,SG,25.0,49.0,4.0,13.6,0.428,0.396,0.75,1.4,2.2,0.4,0.1,0.5,4.1
Paul Reed,DET,C,25.0,45.0,0.0,9.7,0.507,0.286,0.762,2.7,1.0,0.9,0.6,0.6,4.1
Gui Santos,GSW,PF,22.0,56.0,2.0,13.6,0.458,0.33,0.69,3.1,1.4,0.4,0.2,0.8,4.1
Jarred Vanderbilt,LAL,PF,25.0,36.0,2.0,16.1,0.488,0.281,0.556,5.1,1.1,1.0,0.3,0.8,4.1
Nicolas Batum,LAC,PF,36.0,78.0,8.0,17.5,0.437,0.433,0.81,2.8,1.1,0.7,0.5,0.4,4.0
Malachi Flynn,CHO,PG,26.0,4.0,0.0,11.0,0.385,0.25,0.833,1.8,1.8,0.8,0.0,1.0,4.0
Ron Harper Jr.,DET,SF,24.0,1.0,0.0,17.0,0.125,0.0,1.0,7.0,2.0,0.0,0.0,0.0,4.0
Josh Richardson,MIA,SG,31.0,8.0,0.0,18.8,0.289,0.273,1.0,1.5,1.5,1.0,0.1,1.0,4.0
Steven Adams,HOU,C,31.0,58.0,3.0,13.7,0.545,0.0,0.462,5.6,1.1,0.4,0.5,0.9,3.9
Kyle Lowry,PHI,PG,38.0,35.0,12.0,18.8,0.35,0.33,0.818,1.9,2.7,0.9,0.3,0.6,3.9
Olivier-Maxence Prosper,DAL,PF,22.0,52.0,4.0,11.2,0.402,0.235,0.645,2.4,0.8,0.5,0.1,0.3,3.9
Branden Carlson,OKC,C,25.0,32.0,0.0,7.7,0.443,0.333,0.778,1.7,0.4,0.2,0.7,0.2,3.8
Devin Carter,SAC,PG,22.0,36.0,0.0,11.0,0.37,0.295,0.591,2.1,1.1,0.6,0.1,0.5,3.8
Ousmane Dieng,OKC,C,21.0,37.0,1.0,10.9,0.432,0.324,0.688,2.2,0.8,0.5,0.2,0.5,3.8
Emoni Bates,CLE,SF,21.0,10.0,0.0,7.5,0.342,0.367,,0.7,0.8,0.1,0.1,0.2,3.7
DeAndre Jordan,DEN,C,36.0,56.0,5.0,12.3,0.65,,0.422,5.1,0.9,0.3,0.5,0.7,3.7
Craig Porter Jr.,CLE,PG,24.0,51.0,1.0,10.1,0.514,0.438,0.719,1.3,1.4,0.3,0.3,0.7,3.7
Jackson Rowe,GSW,PF,28.0,6.0,0.0,8.7,0.471,0.3,0.5,1.8,0.7,0.7,0.0,0.2,3.7
Blake Wesley,SAS,SG,21.0,58.0,0.0,11.8,0.435,0.293,0.623,1.1,2.0,0.6,0.1,0.9,3.7
Baylor Scheierman,BOS,SG,24.0,31.0,2.0,12.4,0.355,0.317,0.75,2.1,1.1,0.5,0.1,0.4,3.6
Jae'Sean Tate,HOU,SF,29.0,52.0,2.0,11.3,0.473,0.348,0.681,2.3,0.9,0.5,0.1,0.4,3.6
Jaylon Tyson,CLE,SG,22.0,47.0,3.0,9.6,0.43,0.345,0.792,2.0,0.9,0.3,0.1,0.6,3.6
Luka Garza,MIN,C,26.0,39.0,0.0,5.6,0.495,0.278,0.686,1.4,0.3,0.2,0.1,0.3,3.5
Cory Joseph,ORL,PG,33.0,50.0,16.0,12.2,0.403,0.364,0.778,1.5,1.4,0.5,0.1,0.4,3.5
Doug McDermott,SAC,SF,33.0,42.0,3.0,8.1,0.427,0.436,0.6,0.5,0.2,0.1,0.0,0.1,3.5
Dario Saric,DEN,C,30.0,16.0,4.0,13.1,0.362,0.269,0.7,3.1,1.4,0.4,0.1,0.9,3.5
Jamaree Bouyea,MIL,PG,25.0,5.0,1.0,12.4,0.5,0.2,0.667,1.0,2.0,0.8,0.4,1.6,3.4
Bruno Fernando,TOR,C,26.0,17.0,2.0,8.6,0.531,,0.75,3.0,1.1,0.2,0.5,0.8,3.4
Andre Jackson Jr.,MIL,SG,23.0,67.0,43.0,14.6,0.477,0.395,0.5,2.7,1.2,0.5,0.2,0.9,3.4
Isaac Jones,SAC,PF,24.0,40.0,0.0,7.6,0.651,0.375,0.639,1.4,0.3,0.1,0.3,0.4,3.4
Kevin Knox,GSW,SF,25.0,14.0,0.0,6.0,0.5,0.267,0.75,1.2,0.4,0.1,0.3,0.3,3.3
Damion Lee,PHO,SG,32.0,25.0,0.0,5.8,0.365,0.243,0.952,0.8,0.4,0.2,0.0,0.4,3.3
Nate Williams,HOU,SG,25.0,20.0,0.0,7.4,0.435,0.231,0.625,0.7,0.5,0.4,0.2,0.7,3.3
Elijah Harkless,UTA,SG,24.0,10.0,0.0,13.8,0.314,0.28,0.5,2.1,0.8,1.0,0.1,0.3,3.2
Zeke Nnaji,DEN,PF,24.0,57.0,4.0,10.7,0.496,0.327,0.614,1.6,0.4,0.4,0.7,0.2,3.2
Cam Reddish,LAL,SF,25.0,33.0,8.0,17.8,0.404,0.277,0.615,2.0,0.7,1.0,0.3,0.4,3.2
Gary Harris,ORL,SG,30.0,48.0,3.0,14.8,0.383,0.356,0.583,1.3,0.6,0.5,0.3,0.4,3.0
Maxi Kleber,DAL,PF,33.0,34.0,4.0,18.7,0.385,0.265,0.762,2.8,1.3,0.3,0.5,0.7,3.0
Taze Moore,POR,SG,26.0,2.0,0.0,10.0,0.2,0.25,0.5,4.0,0.5,1.0,0.0,1.0,3.0
Rayan Rupert,POR,SG,20.0,52.0,0.0,8.8,0.408,0.271,0.767,1.3,0.5,0.3,0.1,0.6,3.0
P.J. Tucker,NYK,SF,39.0,3.0,1.0,19.3,0.429,0.5,,2.7,0.0,0.3,0.3,0.3,3.0
Markelle Fultz,SAC,PG,26.0,21.0,0.0,8.8,0.418,0.5,1.0,1.0,1.3,0.5,0.1,0.7,2.9
Taj Gibson,CHO,C,39.0,37.0,11.0,11.1,0.495,0.5,0.6,3.2,0.6,0.2,0.5,0.7,2.9
Tyler Smith,MIL,PF,20.0,23.0,0.0,5.3,0.48,0.433,0.75,1.1,0.2,0.1,0.2,0.3,2.9
RayJ Dennis,IND,PG,23.0,11.0,0.0,6.4,0.333,0.286,1.0,1.1,1.3,0.6,0.2,0.5,2.7
David Duke Jr.,SAS,SG,25.0,6.0,0.0,5.7,0.429,0.5,0.5,0.8,0.7,0.2,0.0,0.3,2.7
Keshad Johnson,MIA,SF,23.0,16.0,0.0,6.1,0.692,0.429,0.444,1.8,0.3,0.3,0.3,0.3,2.7
Jae Crowder,SAC,PF,34.0,9.0,2.0,11.4,0.318,0.267,0.833,2.2,0.7,0.3,0.0,0.4,2.6
Josh Minott,MIN,SF,22.0,46.0,0.0,6.0,0.489,0.326,0.895,1.0,0.4,0.3,0.3,0.2,2.6
Hunter Tyson,DEN,PF,24.0,51.0,2.0,7.8,0.375,0.311,0.75,1.5,0.4,0.2,0.1,0.3,2.6
Anthony Gill,WAS,PF,32.0,51.0,0.0,7.8,0.489,0.323,0.66,1.3,0.3,0.2,0.0,0.2,2.5
Dillon Jones,OKC,SF,23.0,54.0,3.0,10.2,0.383,0.254,0.607,2.2,1.1,0.3,0.1,0.5,2.5
Pat Spencer,GSW,PG,28.0,39.0,0.0,6.4,0.406,0.227,0.733,1.2,1.2,0.4,0.1,0.5,2.5
Johnny Davis,WAS,SG,22.0,34.0,0.0,7.1,0.41,0.241,0.6,1.1,0.3,0.4,0.2,0.2,2.4
Christian Koloko,LAL,C,24.0,37.0,0.0,9.2,0.606,0.0,0.714,2.5,0.4,0.2,0.4,0.3,2.4
John Konchar,MEM,SG,28.0,46.0,4.0,12.1,0.451,0.371,0.875,3.3,0.9,0.7,0.3,0.3,2.4
Bronny James,LAL,SG,20.0,27.0,1.0,6.7,0.313,0.281,0.786,0.7,0.8,0.3,0.1,0.5,2.3
Mason Jones,SAC,SG,26.0,10.0,0.0,4.5,0.5,0.125,0.8,0.9,1.1,0.0,0.1,0.1,2.3
Miles Norris,BOS,PF,24.0,3.0,0.0,11.7,0.222,0.286,0.5,3.0,0.0,0.7,0.3,0.0,2.3
Drew Peterson,BOS,PF,25.0,25.0,1.0,7.4,0.415,0.394,0.778,1.6,0.5,0.2,0.1,0.3,2.2
TyTy Washington Jr.,PHO,PG,23.0,16.0,0.0,7.4,0.311,0.19,0.5,0.8,1.0,0.2,0.0,0.2,2.2
JD Davison,BOS,PG,22.0,16.0,0.0,5.8,0.353,0.222,0.714,0.8,0.8,0.3,0.1,0.8,2.1
Chris Duarte,CHI,SG,27.0,17.0,0.0,4.4,0.462,0.4,0.75,1.2,0.5,0.0,0.0,0.1,2.1
Enrique Freeman,IND,PF,24.0,22.0,1.0,8.2,0.432,0.1,0.684,1.4,0.4,0.1,0.1,0.3,2.1
Johnny Furphy,IND,SG,20.0,50.0,0.0,7.6,0.38,0.3,0.818,1.4,0.4,0.4,0.2,0.2,2.1
Dwight Powell,DAL,C,33.0,55.0,3.0,10.0,0.689,0.4,0.651,2.1,1.0,0.3,0.4,0.3,2.1
Josh Christopher,MIA,SG,23.0,14.0,0.0,4.9,0.355,0.182,0.667,0.6,0.6,0.4,0.2,0.4,2.0
Tyler Kolek,NYK,PG,23.0,41.0,0.0,7.2,0.329,0.298,0.765,0.7,1.7,0.3,0.1,0.4,2.0
Adama Sanogo,CHI,C,22.0,4.0,0.0,5.3,0.571,,,1.5,0.3,0.0,0.0,0.3,2.0
Kobe Brown,LAC,PF,25.0,40.0,0.0,6.8,0.458,0.231,0.714,1.6,0.6,0.2,0.1,0.3,1.9
Ariel Hukporti,NYK,C,22.0,25.0,1.0,8.7,0.677,,0.462,2.0,0.4,0.0,0.6,0.8,1.9
Bobi Klintman,DET,SF,21.0,8.0,0.0,5.3,0.6,0.4,0.5,0.9,0.9,0.3,0.1,0.1,1.9
Garrett Temple,TOR,SG,38.0,28.0,0.0,8.1,0.3,0.214,0.917,1.0,1.1,0.6,0.1,0.4,1.9
Vlatko Cancar,DEN,PF,27.0,13.0,0.0,10.5,0.385,0.267,,2.5,0.7,0.2,0.2,0.8,1.8
Adam Flagler,OKC,SG,25.0,37.0,0.0,5.5,0.26,0.194,0.5,0.7,0.3,0.2,0.1,0.1,1.8
Trentyn Flowers,LAC,SF,19.0,6.0,0.0,4.5,0.364,0.0,1.0,0.7,0.0,0.0,0.0,0.2,1.8
E.J. Liddell,CHI,PF,24.0,12.0,0.0,4.4,0.533,0.3,1.0,0.8,0.3,0.1,0.1,0.2,1.8
Jahmir Young,CHI,PG,24.0,6.0,0.0,5.0,0.8,0.5,1.0,0.5,1.0,0.0,0.0,0.2,1.8
Pacome Dadiet,NYK,SG,19.0,18.0,0.0,6.2,0.323,0.316,0.667,1.0,0.3,0.2,0.1,0.2,1.7
Alex Ducas,OKC,SG,24.0,21.0,0.0,6.0,0.4,0.476,1.0,1.2,0.2,0.2,0.0,0.2,1.7
PJ Hall,DEN,C,22.0,19.0,0.0,3.5,0.583,0.25,0.75,1.2,0.2,0.0,0.2,0.1,1.7
Emanuel Miller,CHI,PF,24.0,6.0,0.0,4.2,0.5,0.0,1.0,1.3,0.3,0.2,0.0,0.0,1.7
Tristan Thompson,CLE,C,33.0,40.0,0.0,8.2,0.437,0.0,0.233,3.4,0.6,0.1,0.3,0.4,1.7
Yuki Kawamura,MEM,PG,23.0,22.0,0.0,4.2,0.367,0.304,0.778,0.5,0.9,0.1,0.0,0.2,1.6
Jack McVeigh,HOU,PF,28.0,9.0,0.0,4.8,0.294,0.308,,0.6,0.1,0.0,0.2,0.2,1.6
Armel Traore,LAL,SF,22.0,9.0,0.0,7.4,0.316,0.0,0.286,1.7,0.1,0.4,0.2,0.3,1.6
Jordan Walsh,BOS,PF,20.0,52.0,1.0,7.8,0.361,0.273,0.583,1.3,0.4,0.2,0.2,0.3,1.6
Phillip Wheeler,PHI,PF,22.0,5.0,0.0,8.8,0.143,0.0,1.0,1.6,0.4,0.2,0.4,0.2,1.6
Jazian Gortman,DAL,PG,21.0,16.0,0.0,3.6,0.391,0.364,0.5,0.3,0.4,0.1,0.1,0.3,1.5
Kevin McCullar Jr.,NYK,SF,23.0,4.0,0.0,7.3,0.286,0.0,1.0,2.0,0.5,0.3,0.3,0.0,1.5
Leonard Miller,MIN,SF,21.0,13.0,0.0,2.5,0.4,0.0,1.0,0.8,0.0,0.2,0.1,0.2,1.5
Quincy Olivari,LAL,PG,23.0,2.0,0.0,5.0,0.2,0.2,,0.0,0.5,0.0,0.0,0.5,1.5
Matt Ryan,NYK,SF,27.0,19.0,0.0,3.6,0.323,0.316,1.0,0.4,0.2,0.1,0.0,0.2,1.5
Cam Christie,LAC,SG,19.0,13.0,0.0,4.5,0.292,0.154,0.5,0.9,0.5,0.4,0.1,0.2,1.4
Chris Livingston,MIL,SF,21.0,21.0,1.0,5.0,0.333,0.0,0.75,1.7,0.2,0.2,0.0,0.3,1.4
Trey Alexander,DEN,SG,21.0,24.0,0.0,4.9,0.317,0.176,0.75,0.5,0.5,0.1,0.0,0.2,1.3
Spencer Jones,DEN,SF,23.0,20.0,0.0,6.3,0.324,0.059,1.0,0.9,0.3,0.3,0.3,0.3,1.3
Skal Labissiere,SAC,PF,28.0,4.0,0.0,3.0,0.5,1.0,,0.8,0.3,0.0,0.0,0.0,1.3
Jalen Bridges,PHO,SF,23.0,8.0,0.0,3.8,0.286,0.286,0.75,0.5,0.0,0.0,0.0,0.5,1.1
Yuri Collins,GSW,PG,23.0,2.0,0.0,8.0,0.333,,,1.5,2.0,1.0,0.0,0.0,1.0
Daniss Jenkins,DET,PG,23.0,7.0,0.0,3.3,0.3,0.143,0.0,0.3,0.4,0.0,0.0,0.1,1.0
Braxton Key,GSW,SF,27.0,3.0,0.0,3.7,0.0,0.0,0.5,0.7,0.0,0.7,0.0,0.3,1.0
Bryce McGowens,POR,SG,22.0,13.0,0.0,2.5,0.286,0.0,0.833,0.2,0.2,0.1,0.0,0.3,1.0
Xavier Tillman Sr.,BOS,C,26.0,33.0,2.0,7.0,0.245,0.156,0.75,1.3,0.2,0.3,0.2,0.4,1.0
Luke Travers,CLE,SG,23.0,12.0,0.0,7.3,0.25,0.0,1.0,1.7,0.7,0.1,0.1,0.7,1.0
Isaiah Crawford,SAC,SF,23.0,15.0,0.0,3.1,0.455,0.2,0.5,0.5,0.1,0.1,0.1,0.1,0.9
Justin Minaya,POR,SF,25.0,19.0,0.0,5.3,0.381,0.2,0.0,0.5,0.4,0.3,0.1,0.3,0.9
Anton Watson,NYK,SF,24.0,9.0,0.0,2.4,0.444,0.0,,0.3,0.2,0.1,0.0,0.2,0.9
D.J. Carton,TOR,SG,24.0,4.0,0.0,8.3,0.143,0.0,1.0,1.0,0.8,0.5,0.0,1.0,0.8
PJ Dozier,MIN,SG,28.0,9.0,0.0,3.9,0.667,0.667,0.167,0.6,0.6,0.1,0.0,0.1,0.8
Joe Ingles,MIN,SF,37.0,19.0,1.0,6.0,0.261,0.2,,0.6,1.2,0.1,0.0,0.5,0.8
Harrison Ingram,SAS,SF,22.0,5.0,0.0,7.0,0.5,0.0,,1.8,0.6,0.6,0.0,0.2,0.8
Ulrich Chomche,TOR,PF,19.0,7.0,0.0,4.6,0.4,,0.5,1.1,0.3,0.0,0.1,0.3,0.7
James Johnson,IND,PF,37.0,12.0,0.0,3.1,0.364,0.0,0.0,0.5,0.3,0.0,0.2,0.3,0.7
Liam Robbins,MIL,C,25.0,13.0,0.0,4.4,0.25,0.0,0.5,0.9,0.2,0.2,0.2,0.5,0.7
Stanley Umude,MIL,SG,25.0,22.0,0.0,3.9,0.192,0.2,0.5,0.8,0.2,0.1,0.3,0.1,0.7
Cui Yongxi,BRK,SG,21.0,5.0,0.0,2.0,0.143,0.0,0.5,0.4,0.0,0.0,0.0,0.0,0.6
Malevy Leons,OKC,SF,25.0,6.0,0.0,3.5,0.0,0.0,0.5,0.5,0.2,0.0,0.0,0.2,0.3
Daishen Nix,MIN,PG,22.0,3.0,0.0,4.3,0.0,0.0,0.5,1.3,1.0,0.0,0.0,1.3,0.3
Terence Davis,SAC,SG,27.0,1.0,0.0,8.0,0.0,0.0,,1.0,1.0,0.0,0.0,0.0,0.0
Jesse Edwards,MIN,C,24.0,2.0,0.0,2.5,,,,0.0,0.5,0.0,0.0,0.0,0.0
Mac McClung,ORL,SG,26.0,2.0,0.0,5.0,0.0,0.0,,0.5,1.5,0.0,0.0,0.0,0.0
Jalen McDaniels,WAS,SF,27.0,4.0,0.0,1.8,,,,0.0,0.3,0.3,0.0,0.0,0.0
Riley Minix,SAS,SF,24.0,1.0,0.0,7.0,0.0,0.0,,2.0,0.0,0.0,0.0,0.0,0.0
Jahlil Okafor,IND,C,29.0,1.0,0.0,3.0,,,,1.0,1.0,0.0,0.0,0.0,0.0
Zyon Pullin,MEM,SG,23.0,3.0,0.0,1.0,0.0,,,0.0,0.0,0.0,0.0,0.0,0.0
Isaiah Stevens,MIA,PG,24.0,3.0,0.0,2.0,0.0,0.0,,0.7,0.0,0.3,0.0,0.0,0.0
Terry Taylor,SAC,PF,25.0,3.0,0.0,2.0,0.0,,,0.3,0.7,0.0,0.0,0.0,0.0
League Average,,,,,,,0.467,0.36,0.78,,,,,,
Luka Doncic,2TM,PG,25.0,50.0,50.0,35.4,0.45,0.368,0.782,8.2,7.7,1.8,0.4,3.6,28.2
Anthony Davis,2TM,C,31.0,51.0,51.0,33.5,0.516,0.282,0.775,11.6,3.5,1.2,2.2,2.2,24.7
De'Aaron Fox,2TM,PG,27.0,62.0,62.0,36.1,0.463,0.31,0.827,4.8,6.3,1.5,0.4,2.8,23.5
Zach LaVine,2TM,SG,29.0,74.0,74.0,35.2,0.511,0.446,0.825,4.3,4.2,0.8,0.2,2.8,23.3
Andrew Wiggins,2TM,SF,29.0,60.0,60.0,30.7,0.448,0.374,0.763,4.5,2.6,1.0,0.8,1.7,18.0
Jimmy Butler,2TM,SF,35.0,55.0,55.0,31.7,0.504,0.308,0.842,5.4,5.4,1.4,0.3,1.3,17.5
De'Andre Hunter,2TM,SF,27.0,64.0,9.0,27.2,0.47,0.405,0.846,4.0,1.4,0.8,0.2,1.3,17.0
Kyle Kuzma,2TM,PF,29.0,65.0,62.0,29.8,0.436,0.307,0.634,5.7,2.3,0.6,0.3,2.2,14.8
Quentin Grimes,2TM,SG,24.0,75.0,37.0,26.8,0.467,0.385,0.757,4.3,3.0,1.0,0.3,1.9,14.6
Dennis Schroder,3TM,PG,31.0,75.0,49.0,28.1,0.406,0.342,0.838,2.6,5.4,0.9,0.2,1.9,13.1
D'Angelo Russell,2TM,PG,28.0,58.0,36.0,25.5,0.39,0.314,0.834,2.8,5.1,1.0,0.4,1.9,12.6
Caris LeVert,2TM,SG,30.0,64.0,3.0,24.9,0.467,0.373,0.71,3.2,3.4,0.9,0.5,1.2,12.1
Khris Middleton,2TM,SF,33.0,37.0,21.0,22.8,0.475,0.361,0.857,3.7,4.1,0.9,0.2,1.5,11.9
Bogdan Bogdanovic,2TM,SG,32.0,54.0,4.0,25.0,0.427,0.363,0.879,2.9,2.7,0.8,0.2,1.4,10.8
Jonas Valanciunas,2TM,C,32.0,81.0,21.0,18.8,0.55,0.216,0.879,7.7,2.0,0.5,0.6,1.5,10.4
Kevin Porter Jr.,2TM,SG,24.0,75.0,4.0,19.8,0.449,0.311,0.769,3.7,3.4,1.1,0.2,1.8,10.3
Kevin Huerter,2TM,SG,26.0,69.0,31.0,24.3,0.425,0.338,0.714,3.0,2.3,1.0,0.3,1.0,9.9
Georges Niang,2TM,PF,31.0,79.0,3.0,21.5,0.461,0.406,0.793,3.4,1.4,0.4,0.2,1.0,9.9
Max Christie,2TM,SG,21.0,78.0,36.0,27.3,0.427,0.366,0.855,3.3,1.9,0.8,0.4,1.1,9.6
Nick Richards,2TM,C,27.0,57.0,43.0,22.0,0.591,0.0,0.744,8.2,0.9,0.2,1.0,1.4,9.3
Jared Butler,2TM,SG,24.0,60.0,17.0,17.4,0.448,0.355,0.824,1.8,3.7,0.7,0.2,1.3,9.0
Marcus Smart,2TM,PG,30.0,34.0,7.0,20.0,0.393,0.348,0.761,2.1,3.2,1.1,0.3,1.6,9.0
Jusuf Nurkic,2TM,C,30.0,51.0,32.0,20.8,0.477,0.305,0.664,7.8,2.3,0.8,0.7,1.9,8.9
Kelly Olynyk,2TM,C,33.0,44.0,22.0,20.3,0.5,0.418,0.769,4.7,2.9,0.8,0.4,1.7,8.7
Dorian Finney-Smith,2TM,PF,31.0,63.0,40.0,28.9,0.448,0.411,0.667,3.9,1.4,0.9,0.4,0.9,8.7
Jared Rhoden,2TM,SG,25.0,14.0,2.0,16.2,0.483,0.308,0.88,3.0,1.1,0.7,0.1,0.6,8.4
Bruce Brown,2TM,PG,28.0,41.0,12.0,22.5,0.421,0.333,0.815,4.0,2.0,0.8,0.2,1.0,8.3
Davion Mitchell,2TM,PG,26.0,74.0,37.0,27.4,0.468,0.398,0.69,2.3,4.9,1.0,0.2,1.7,7.9
Caleb Martin,2TM,SF,29.0,45.0,24.0,27.1,0.424,0.359,0.622,3.9,2.1,1.0,0.5,1.2,7.9
Terance Mann,2TM,SG,28.0,67.0,13.0,21.1,0.496,0.368,0.691,3.0,1.8,0.7,0.2,0.7,7.7
AJ Johnson,2TM,SG,20.0,29.0,11.0,22.0,0.385,0.267,0.865,2.0,2.6,0.4,0.1,1.2,7.6
Tre Jones,2TM,PG,25.0,46.0,9.0,19.7,0.538,0.396,0.821,2.5,4.2,0.8,0.2,0.8,7.2
Josh Okogie,2TM,SG,26.0,40.0,7.0,15.6,0.443,0.348,0.741,2.8,0.8,1.2,0.5,0.8,7.1
Jalen Hood-Schifino,2TM,SG,21.0,15.0,0.0,21.0,0.378,0.304,0.857,1.8,2.5,0.3,0.5,1.2,7.1
Orlando Robinson,2TM,C,24.0,44.0,8.0,17.5,0.444,0.327,0.771,5.0,1.8,0.4,0.4,1.1,6.9
Jake LaRavia,2TM,PF,23.0,66.0,0.0,20.4,0.475,0.423,0.678,3.9,2.4,0.9,0.3,1.3,6.9
Cody Martin,2TM,SF,29.0,53.0,8.0,22.1,0.418,0.285,0.705,4.2,2.0,1.1,0.6,1.0,6.8
Lester Quinones,2TM,SG,24.0,13.0,0.0,14.1,0.397,0.295,0.846,1.5,1.8,0.2,0.2,1.1,6.6
Vasilije Micic,2TM,PG,31.0,41.0,16.0,19.1,0.348,0.36,0.829,2.2,3.1,0.4,0.0,1.9,6.6
Thomas Bryant,2TM,C,27.0,66.0,8.0,14.6,0.508,0.324,0.859,3.8,0.8,0.4,0.6,0.5,6.5
Zach Collins,2TM,PF,27.0,64.0,12.0,15.3,0.507,0.302,0.885,4.5,1.7,0.5,0.5,0.9,6.4
KJ Martin,2TM,PF,24.0,43.0,16.0,21.2,0.552,0.259,0.787,2.9,1.1,0.4,0.5,0.6,6.4
Bones Hyland,2TM,PG,24.0,24.0,0.0,10.0,0.398,0.39,0.885,1.0,1.3,0.8,0.2,1.0,6.2
Cole Swider,2TM,SF,25.0,10.0,0.0,16.9,0.349,0.319,0.0,2.7,0.3,0.4,0.2,0.4,5.9
Chuma Okeke,2TM,PF,26.0,9.0,3.0,21.8,0.5,0.393,0.667,5.2,1.7,0.6,0.4,0.3,5.9
Kyle Anderson,2TM,PF,31.0,61.0,4.0,16.4,0.469,0.357,0.738,3.4,2.4,0.7,0.5,0.6,5.9
Moses Brown,2TM,C,25.0,13.0,2.0,9.2,0.694,,0.727,3.4,0.2,0.5,0.3,0.8,5.8
Shake Milton,2TM,SG,28.0,57.0,2.0,14.7,0.453,0.358,0.797,1.8,1.8,0.4,0.1,0.7,5.5
Javonte Green,2TM,SG,31.0,68.0,19.0,18.5,0.429,0.326,0.724,3.2,0.8,1.0,0.5,0.5,5.1
Alex Reese,2TM,PF,25.0,15.0,0.0,14.4,0.481,0.366,0.75,3.1,0.3,0.7,0.7,0.4,5.1
Kai Jones,2TM,C,24.0,40.0,6.0,11.7,0.798,0.2,0.719,3.1,0.6,0.4,0.6,0.5,5.0
Ben Simmons,2TM,PG,28.0,51.0,24.0,22.0,0.52,,0.727,4.7,5.6,0.7,0.5,2.0,5.0
Jaylen Martin,2TM,SF,21.0,16.0,0.0,14.9,0.419,0.304,0.9,2.8,1.1,0.6,0.0,0.8,4.9
Lindy Waters III,2TM,SG,27.0,52.0,9.0,15.0,0.369,0.344,0.727,2.1,1.0,0.5,0.2,0.4,4.9
Colin Castleton,3TM,C,24.0,26.0,4.0,16.6,0.469,0.125,0.763,4.7,1.1,0.3,0.4,0.9,4.7
David Roddy,3TM,PF,23.0,33.0,3.0,12.4,0.456,0.311,0.769,2.5,1.1,0.4,0.3,0.7,4.6
Drew Eubanks,2TM,C,27.0,61.0,4.0,12.2,0.593,0.5,0.662,3.7,0.9,0.2,0.6,0.7,4.6
Marvin Bagley III,2TM,PF,25.0,31.0,2.0,8.5,0.519,0.158,0.657,2.7,0.4,0.3,0.3,0.4,4.4
Mo Bamba,2TM,C,26.0,32.0,2.0,12.9,0.464,0.278,0.704,4.5,0.6,0.3,1.0,0.6,4.3
Torrey Craig,2TM,SF,34.0,26.0,4.0,12.1,0.422,0.364,0.667,2.8,0.7,0.3,0.5,0.3,4.2
Wendell Moore Jr.,2TM,SG,23.0,36.0,1.0,13.9,0.468,0.341,0.818,2.6,1.2,0.6,0.1,0.8,4.2
Maxwell Lewis,2TM,SF,22.0,28.0,1.0,11.7,0.417,0.38,0.7,2.0,0.7,0.3,0.3,0.5,4.1
Colby Jones,2TM,SG,22.0,39.0,0.0,13.2,0.457,0.327,0.657,2.2,1.1,0.7,0.3,0.6,4.0
Patty Mills,2TM,PG,36.0,29.0,0.0,11.1,0.375,0.347,0.929,0.8,0.9,0.4,0.1,0.6,3.8
Markieff Morris,2TM,PF,35.0,15.0,2.0,11.0,0.3,0.25,0.833,1.5,1.4,0.1,0.2,0.3,3.7
JT Thor,2TM,PF,22.0,20.0,0.0,12.5,0.424,0.286,0.682,2.4,0.3,0.4,0.5,0.5,3.6
Elfrid Payton,2TM,PG,30.0,24.0,9.0,21.3,0.328,0.167,0.571,3.3,6.9,1.0,0.5,2.5,3.5
Delon Wright,2TM,PG,32.0,40.0,7.0,15.9,0.344,0.274,0.6,1.7,1.9,0.9,0.3,0.6,3.1
Kylor Kelley,2TM,C,27.0,11.0,2.0,11.5,0.636,,0.6,3.5,0.5,0.1,0.3,0.4,3.1
Pete Nance,2TM,C,24.0,13.0,1.0,10.6,0.438,0.375,0.5,1.6,0.8,0.2,0.2,0.3,2.9
Reece Beekman,2TM,PG,23.0,36.0,4.0,13.0,0.327,0.175,0.762,1.1,1.8,0.9,0.1,0.6,2.6
Jaden Springer,2TM,PG,22.0,43.0,2.0,8.5,0.389,0.25,0.711,1.3,0.8,0.6,0.1,0.4,2.5
Trey Jemison,2TM,C,25.0,38.0,0.0,10.3,0.554,,0.394,2.8,0.4,0.2,0.4,0.6,2.5
MarJon Beauchamp,3TM,SF,24.0,35.0,0.0,4.5,0.415,0.345,0.75,1.3,0.3,0.1,0.0,0.4,2.3
Patrick Baldwin Jr.,2TM,SF,22.0,24.0,0.0,4.5,0.543,0.565,0.5,1.0,0.1,0.1,0.1,0.2,2.2
Jordan McLaughlin,2TM,PG,28.0,46.0,0.0,6.8,0.431,0.413,0.773,0.7,1.1,0.3,0.0,0.3,2.1
Jericho Sims,2TM,C,26.0,53.0,5.0,11.9,0.634,,0.615,3.7,0.6,0.2,0.4,0.6,1.8
Alex Len,2TM,C,31.0,46.0,7.0,8.3,0.508,0.222,0.471,2.1,0.8,0.2,0.5,0.4,1.6
Sidy Cissoko,2TM,SF,20.0,22.0,0.0,5.2,0.433,0.231,0.333,1.0,0.7,0.1,0.0,0.5,1.5
Jacob Toppin,2TM,SF,24.0,17.0,0.0,4.5,0.409,0.5,,0.9,0.4,0.1,0.0,0.2,1.4
Tristen Newton,2TM,SG,23.0,8.0,0.0,2.0,0.125,0.0,1.0,0.5,0.3,0.1,0.0,0.3,0.4
