No.,Player,Pos,Ht,Wt,Birth Date,Birth,Exp,College,team_abbr
0,Dominick Barlow,PF,6-9,215,"May 26, 2003",us US,2,,ATL
13,Bogdan Bogdanović,SG,6-5,225,"August 18, 1992",rs RS,7,,ATL
4,Kobe Bufkin,SG,6-4,195,"September 21, 2003",us US,1,Michigan,ATL
15,Clint Capela,C,6-10,256,"May 18, 1994",ch CH,10,,ATL
5,Dyson Daniels,SG,6-7,199,"March 17, 2003",au AU,2,,ATL
18,Mouhamed Gueye,PF,6-11,210,"November 9, 2002",sn SN,1,Washington State,ATL
12,De'Andre Hunter,SF,6-7,221,"December 2, 1997",us US,5,Virginia,ATL
1,Jalen Johnson,SF,6-8,219,"December 18, 2001",us US,3,Duke,ATL
27,Vít Krejčí,PG,6-8,195,"June 19, 2000",cz CZ,3,,ATL
3,Caris LeVert,SG,6-7,205,"August 25, 1994",us US,8,Michigan,ATL
14,Terance Mann,SG,6-6,215,"October 18, 1996",us US,5,Florida State,ATL
24,Garrison Mathews,SG,6-5,215,"October 24, 1996",us US,5,Lipscomb,ATL
22,Larry Nance Jr.,PF,6-6,245,"January 1, 1993",us US,9,Wyoming,ATL
20,Georges Niang,PF,6-6,230,"June 17, 1993",us US,8,Iowa State,ATL
17,Onyeka Okongwu,C,6-10,240,"December 11, 2000",us US,4,USC,ATL
29,Daeqwon Plowden,SG,6-4,216,"August 29, 1998",us US,R,Bowling Green,ATL
10,Zaccharie Risacher,SF,6-8,200,"April 8, 2005",es ES,R,,ATL
8,David Roddy,PF,6-5,255,"March 27, 2001",us US,2,Colorado State,ATL
0,Jacob Toppin,SF,6-9,200,"May 8, 2000",us US,1,"Rhode Island, Kentucky",ATL
2,Keaton Wallace,PG,6-3,185,"February 26, 1999",us US,R,Texas-San Antonio,ATL
11,Trae Young,PG,6-2,164,"September 19, 1998",us US,6,Oklahoma,ATL
7,Jaylen Brown,SF,6-6,223,"October 24, 1996",us US,8,California,BOS
12,Torrey Craig,SF,6-5,221,"December 19, 1990",us US,7,USC Upstate,BOS
20,JD Davison,PG,6-1,195,"October 3, 2002",us US,2,Alabama,BOS
30,Sam Hauser,PF,6-7,217,"December 8, 1997",us US,3,"Marquette, Virginia",BOS
4,Jrue Holiday,PG,6-4,220,"June 12, 1990",us US,15,UCLA,BOS
42,Al Horford,C,6-8,240,"June 3, 1986",do DO,17,Florida,BOS
40,Luke Kornet,C,7-1,250,"July 15, 1995",us US,7,Vanderbilt,BOS
44,Miles Norris,PF,6-7,220,"April 15, 2000",us US,R,"Oregon, City College of San Francisco, UC Santa Barbara",BOS
13,Drew Peterson,PF,6-8,205,"November 9, 1999",us US,1,"Rice University, USC",BOS
8,Kristaps Porziņģis,C,7-2,240,"August 2, 1995",lv LV,8,,BOS
11,Payton Pritchard,PG,6-1,195,"January 28, 1998",us US,4,Oregon,BOS
88,Neemias Queta,C,7-0,248,"July 13, 1999",pt PT,3,Utah State University,BOS
55,Baylor Scheierman,SG,6-6,205,"September 26, 2000",us US,R,"South Dakota State, Creighton",BOS
44,Jaden Springer,SG,6-4,202,"September 25, 2002",us US,3,Tennessee,BOS
0,Jayson Tatum,PF,6-8,210,"March 3, 1998",us US,7,Duke,BOS
26,Xavier Tillman Sr.,C,6-8,245,"January 12, 1999",us US,4,Michigan State,BOS
27,Jordan Walsh,PF,6-6,205,"March 3, 2004",us US,1,Arkansas,BOS
9,Derrick White,SG,6-4,190,"July 2, 1994",us US,7,"Colorado-Colorado Springs, Colorado",BOS
4,Reece Beekman,PG,6-3,190,"October 8, 2001",us US,R,Virginia,BRK
33,Nic Claxton,C,6-11,215,"April 17, 1999",us US,5,Georgia,BRK
21,Noah Clowney,PF,6-10,210,"July 14, 2004",us US,1,Alabama,BRK
8,Cui Yongxi,SG,6-5,190,"May 28, 2003",cn CN,R,,BRK
10,Tyson Etienne,PG,6-0,200,"September 17, 1999",us US,R,Wichita State,BRK
12,Tosan Evbuomwan,SF,6-8,217,"February 16, 2001",gb GB,1,Princeton,BRK
28,Dorian Finney-Smith,PF,6-7,220,"May 4, 1993",us US,8,Florida,BRK
7,Killian Hayes,PG,6-4,195,"July 27, 2001",us US,4,,BRK
2,Cameron Johnson,PF,6-8,210,"March 3, 1996",us US,5,"Pitt, UNC",BRK
45,Keon Johnson,SG,6-5,185,"March 10, 2002",us US,3,Tennessee,BRK
27,Maxwell Lewis,SF,6-7,215,"July 27, 2002",us US,1,Pepperdine,BRK
16,Jaylen Martin,SF,6-6,216,"January 28, 2004",us US,R,,BRK
13,Tyrese Martin,SG,6-6,215,"March 7, 1999",us US,1,"Rhode Island, UConn",BRK
7,Shake Milton,SG,6-5,205,"September 26, 1996",us US,6,SMU,BRK
1,D'Angelo Russell,PG,6-3,193,"February 23, 1996",us US,9,Ohio State,BRK
17,Dennis Schröder,PG,6-1,175,"September 15, 1993",de DE,11,,BRK
20,Day'Ron Sharpe,C,6-10,265,"November 6, 2001",us US,3,UNC,BRK
10,Ben Simmons,PG,6-10,240,"July 20, 1996",au AU,6,LSU,BRK
24,Cam Thomas,SG,6-3,210,"October 13, 2001",jp JP,3,LSU,BRK
26,Drew Timme,PF,6-9,235,"September 9, 2000",us US,R,Gonzaga,BRK
9,Trendon Watford,PF,6-8,237,"November 9, 2000",us US,3,LSU,BRK
0,Dariq Whitehead,SF,6-6,220,"August 1, 2004",us US,1,Duke,BRK
"1, 8",Ziaire Williams,SF,6-9,185,"September 12, 2001",us US,3,Stanford,BRK
22,Jalen Wilson,PF,6-6,220,"November 4, 2000",us US,1,Kansas,BRK
1,LaMelo Ball,PG,6-7,180,"August 22, 2001",us US,4,,CHO
7,Damion Baugh,SG,6-4,194,"August 3, 2000",us US,R,"Memphis, TCU",CHO
0,Miles Bridges,PF,6-7,225,"March 21, 1998",us US,5,Michigan State,CHO
30,Seth Curry,SG,6-1,185,"August 23, 1990",us US,10,"Liberty, Duke",CHO
14,Moussa Diabaté,C,6-10,210,"January 21, 2002",fr FR,2,Michigan,CHO
22,Malachi Flynn,PG,6-1,185,"May 10, 1998",us US,4,"Washington State, San Diego State",CHO
28,Marcus Garrett,SG,6-5,205,"November 9, 1998",us US,1,Kansas,CHO
67,Taj Gibson,C,6-9,232,"June 24, 1985",us US,15,USC,CHO
10,Josh Green,SG,6-6,200,"November 16, 2000",au AU,4,Arizona,CHO
3,DaQuan Jeffries,SG,6-5,222,"August 30, 1997",us US,5,"Oral Roberts, Tulsa",CHO
23,Tre Mann,PG,6-4,178,"February 3, 2001",us US,3,Florida,CHO
11,Cody Martin,SF,6-6,205,"September 28, 1995",us US,5,"NC State, Nevada",CHO
22,Vasilije Micić,PG,6-3,188,"January 13, 1994",rs RS,1,,CHO
24,Brandon Miller,SF,6-7,200,"November 22, 2002",us US,1,Alabama,CHO
9,Wendell Moore Jr.,SG,6-5,215,"September 18, 2001",us US,2,Duke,CHO
11,Jusuf Nurkić,C,6-11,290,"August 23, 1994",ba BA,10,,CHO
12,Josh Okogie,SG,6-4,213,"September 1, 1998",ng NG,6,Georgia Tech,CHO
22,Elfrid Payton,PG,6-3,195,"February 22, 1994",us US,8,Louisiana,CHO
27,Jared Rhoden,SG,6-5,210,"August 27, 1999",us US,2,Seton Hall,CHO
4,Nick Richards,C,6-11,245,"November 29, 1997",jm JM,4,Kentucky,CHO
31,Tidjane Salaün,PF,6-10,207,"August 10, 2005",fr FR,R,,CHO
25,KJ Simpson,PG,6-2,189,"August 8, 2002",us US,R,Colorado,CHO
33,Jaylen Sims,SG,6-6,210,"December 11, 1998",us US,R,UNC Wilmington,CHO
8,Nick Smith Jr.,SG,6-2,185,"April 18, 2004",us US,1,Arkansas,CHO
2,Grant Williams,PF,6-7,236,"November 30, 1998",us US,5,Tennessee,CHO
5,Mark Williams,C,7-1,240,"December 16, 2001",us US,2,Duke,CHO
21,Isaiah Wong,SG,6-3,185,"January 28, 2001",us US,1,Miami (FL),CHO
2,Lonzo Ball,PG,6-5,190,"October 27, 1997",us US,5,UCLA,CHI
14,Matas Buzelis,SF,6-8,209,"October 13, 2004",us US,R,,CHI
5,Jevon Carter,PG,6-0,200,"September 14, 1995",us US,6,West Virginia,CHI
12,Zach Collins,PF,6-9,250,"November 19, 1997",us US,6,Gonzaga,CHI
13,Torrey Craig,SF,6-5,221,"December 19, 1990",us US,7,USC Upstate,CHI
11,Ayo Dosunmu,SG,6-4,200,"January 17, 2000",us US,3,Illinois,CHI
27,Chris Duarte,SG,6-5,190,"June 13, 1997",do DO,3,Oregon,CHI
3,Josh Giddey,PG,6-7,216,"October 10, 2002",au AU,3,,CHI
22,Talen Horton-Tucker,SG,6-4,234,"November 25, 2000",us US,5,Iowa State,CHI
13,Kevin Huerter,SG,6-6,198,"August 27, 1998",us US,6,Maryland,CHI
30,Tre Jones,PG,6-1,185,"January 8, 2000",us US,4,Duke,CHI
8,Zach LaVine,SF,6-5,200,"March 10, 1995",us US,10,UCLA,CHI
32,E.J. Liddell,PF,6-6,240,"December 18, 2000",us US,1,Ohio State,CHI
20,Emanuel Miller,PF,6-5,215,"June 19, 2000",ca CA,R,"Texas A&M, TCU",CHI
15,Julian Phillips,SF,6-6,198,"November 5, 2003",us US,1,Tennessee,CHI
21,Adama Sanogo,C,6-9,245,"February 12, 2002",ml ML,1,UConn,CHI
7,Jalen Smith,C,6-8,215,"March 16, 2000",us US,4,Maryland,CHI
25,Dalen Terry,SG,6-6,195,"July 12, 2002",us US,2,Arizona,CHI
9,Nikola Vučević,C,6-9,260,"October 24, 1990",ch CH,13,USC,CHI
0,Coby White,SG,6-4,195,"February 16, 2000",us US,5,UNC,CHI
44,Patrick Williams,PF,6-6,215,"August 26, 2001",us US,4,Florida State,CHI
17,Jahmir Young,PG,6-0,185,"October 7, 2000",us US,R,"UNC Charlotte, Maryland",CHI
31,Jarrett Allen,C,6-9,243,"April 21, 1998",us US,7,Texas,CLE
21,Emoni Bates,SF,6-9,202,"January 28, 2004",us US,1,"Memphis, Eastern Michigan",CLE
10,Darius Garland,PG,6-1,192,"January 26, 2000",us US,5,Vanderbilt,CLE
8,Javonte Green,SG,6-5,205,"July 23, 1993",us US,5,Radford,CLE
12,De'Andre Hunter,SF,6-7,221,"December 2, 1997",us US,5,Virginia,CLE
2,Ty Jerome,SG,6-5,195,"July 8, 1997",us US,5,Virginia,CLE
3,Caris LeVert,SF,6-7,205,"August 25, 1994",us US,8,Michigan,CLE
5,Sam Merrill,SG,6-4,205,"May 15, 1996",us US,4,Utah State University,CLE
45,Donovan Mitchell,SG,6-2,215,"September 7, 1996",us US,7,Louisville,CLE
4,Evan Mobley,PF,6-11,215,"June 18, 2001",us US,3,USC,CLE
20,Georges Niang,PF,6-6,230,"June 17, 1993",us US,8,Iowa State,CLE
18,Chuma Okeke,PF,6-7,229,"August 18, 1998",us US,4,Auburn,CLE
35,Isaac Okoro,SG,6-4,225,"January 26, 2001",us US,4,Auburn,CLE
9,Craig Porter Jr.,PG,6-1,180,"February 26, 2000",us US,1,"Vincennes University, Wichita State",CLE
1,Max Strus,SF,6-5,215,"March 28, 1996",us US,5,"Lewis (IL), DePaul",CLE
13,Tristan Thompson,C,6-9,254,"March 13, 1991",ca CA,13,Texas,CLE
15,JT Thor,PF,6-9,203,"August 26, 2002",us US,3,Auburn,CLE
30,Nae'Qwan Tomlin,PF,6-8,210,"December 10, 2000",us US,R,"Monroe Community College, Chipola College, Kansas State, Memphis",CLE
33,Luke Travers,SG,6-6,207,"September 3, 2001",au AU,R,,CLE
24,Jaylon Tyson,SG,6-6,215,"December 2, 2002",us US,R,"Texas, Texas Tech, California",CLE
32,Dean Wade,PF,6-9,228,"November 20, 1996",us US,5,Kansas State,CLE
9,Moses Brown,C,7-2,258,"October 13, 1999",us US,5,UCLA,DAL
0,Max Christie,SG,6-5,190,"February 10, 2003",us US,2,Michigan State,DAL
3,Anthony Davis,PF,6-10,253,"March 11, 1993",us US,12,Kentucky,DAL
26,Spencer Dinwiddie,PG,6-5,215,"April 6, 1993",us US,10,Colorado,DAL
77,Luka Dončić,PG,6-8,230,"February 28, 1999",si SI,6,,DAL
20,Kessler Edwards,SF,6-8,203,"August 9, 2000",us US,3,Pepperdine,DAL
0,Danté Exum,PG,6-5,214,"July 13, 1995",au AU,7,,DAL
21,Daniel Gafford,C,6-10,265,"October 1, 1998",us US,5,Arkansas,DAL
0,Jazian Gortman,PG,6-2,184,"April 14, 2003",us US,R,,DAL
5,Quentin Grimes,SG,6-4,210,"May 8, 2000",us US,3,"Kansas, Houston",DAL
1,Jaden Hardy,SG,6-3,198,"July 5, 2002",us US,2,,DAL
11,Kyrie Irving,SG,6-2,195,"March 23, 1992",au AU,13,Duke,DAL
23,Kai Jones,C,6-11,221,"January 19, 2001",bs BS,2,Texas,DAL
50,Kylor Kelley,C,7-0,215,"August 26, 1997",us US,R,Oregon State,DAL
42,Maxi Kleber,PF,6-10,240,"January 29, 1992",de DE,7,,DAL
2,Dereck Lively II,C,7-1,230,"February 12, 2004",us US,1,Duke,DAL
13,Naji Marshall,SF,6-6,220,"January 24, 1998",us US,4,Xavier,DAL
16,Caleb Martin,SF,6-5,205,"September 28, 1995",us US,5,"NC State, Nevada",DAL
88,Markieff Morris,PF,6-9,245,"September 2, 1989",us US,13,Kansas,DAL
7,Dwight Powell,C,6-10,240,"July 20, 1991",ca CA,10,Stanford,DAL
8,Olivier-Maxence Prosper,PF,6-7,230,"July 3, 2002",ca CA,1,"Clemson, Marquette",DAL
31,Klay Thompson,SF,6-5,220,"February 8, 1990",us US,11,Washington State,DAL
25,P.J. Washington,PF,6-7,230,"August 23, 1998",us US,5,Kentucky,DAL
10,Brandon Williams,PG,6-1,190,"November 22, 1999",us US,2,Arizona,DAL
23,Trey Alexander,SG,6-5,185,"May 2, 2003",us US,R,Creighton,DEN
0,Christian Braun,SG,6-6,220,"April 17, 2001",us US,2,Kansas,DEN
31,Vlatko Čančar,PF,6-8,236,"April 10, 1997",si SI,4,,DEN
32,Aaron Gordon,PF,6-8,235,"September 16, 1995",us US,10,Arizona,DEN
13,PJ Hall,C,6-8,245,"February 21, 2002",us US,R,Clemson,DEN
15,Nikola Jokić,C,6-11,284,"February 19, 1995",rs RS,9,,DEN
21,Spencer Jones,SF,6-7,225,"June 14, 2001",us US,R,Stanford,DEN
6,DeAndre Jordan,C,6-11,265,"July 21, 1988",us US,16,Texas A&M,DEN
27,Jamal Murray,PG,6-4,215,"February 23, 1997",ca CA,7,Kentucky,DEN
22,Zeke Nnaji,PF,6-10,240,"January 9, 2001",us US,4,Arizona,DEN
24,Jalen Pickett,SG,6-2,202,"October 22, 1999",us US,1,"Siena College, Penn State",DEN
1,Michael Porter Jr.,SF,6-10,218,"June 29, 1998",us US,5,Missouri,DEN
9,Dario Šarić,C,6-10,225,"April 8, 1994",hr HR,7,,DEN
3,Julian Strawther,SG,6-6,205,"April 18, 2002",us US,1,Gonzaga,DEN
5,Hunter Tyson,PF,6-8,215,"June 13, 2000",us US,1,Clemson,DEN
8,Peyton Watson,SF,6-8,200,"September 11, 2002",us US,2,UCLA,DEN
4,Russell Westbrook,PG,6-4,200,"November 12, 1988",us US,16,UCLA,DEN
5,Malik Beasley,SG,6-4,187,"November 26, 1996",us US,8,Florida State,DET
2,Cade Cunningham,PG,6-6,220,"September 25, 2001",us US,3,Oklahoma State,DET
0,Jalen Duren,C,6-10,250,"November 18, 2003",us US,2,Memphis,DET
19,Simone Fontecchio,SF,6-7,209,"December 9, 1995",it IT,2,,DET
8,Tim Hardaway Jr.,SG,6-5,205,"March 16, 1992",us US,11,Michigan,DET
13,Ron Harper Jr.,SF,6-5,233,"April 12, 2000",us US,2,Rutgers University,DET
12,Tobias Harris,PF,6-8,226,"July 15, 1992",us US,13,Tennessee,DET
0,Ron Holland,SF,6-8,206,"July 7, 2005",us US,R,,DET
23,Jaden Ivey,SG,6-3,195,"February 13, 2002",us US,2,Purdue,DET
24,Daniss Jenkins,PG,6-4,165,"August 17, 2001",us US,R,"University of the Pacific, Odessa College, Iona College, St. John's",DET
34,Bobi Klintman,SF,6-9,225,"March 6, 2003",se SE,R,Wake Forest,DET
14,Wendell Moore Jr.,SG,6-5,215,"September 18, 2001",us US,2,Duke,DET
7,Paul Reed,C,6-9,210,"June 14, 1999",us US,4,DePaul,DET
25,Marcus Sasser,PG,6-1,195,"September 21, 2000",us US,1,Houston,DET
17,Dennis Schröder,PG,6-1,175,"September 15, 1993",de DE,11,,DET
35,Tolu Smith,PF,6-11,254,"July 26, 2000",us US,R,"Western Kentucky, Mississippi State",DET
28,Isaiah Stewart,C,6-8,250,"May 22, 2001",us US,4,Washington,DET
13,Cole Swider,SF,6-10,220,"May 8, 1999",us US,2,"Villanova, Syracuse",DET
9,Ausar Thompson,SF,6-7,205,"January 30, 2003",us US,1,,DET
43,Lindy Waters III,SG,6-5,210,"July 28, 1997",us US,3,Oklahoma State,DET
31,Alondes Williams,SG,6-4,210,"June 19, 1999",us US,2,"Triton College, Oklahoma, Wake Forest",DET
1,Kyle Anderson,PF,6-8,230,"September 20, 1993",us US,10,UCLA,GSW
3,Reece Beekman,PG,6-3,190,"October 8, 2001",us US,R,Virginia,GSW
10,Jimmy Butler,SF,6-6,230,"September 14, 1989",us US,13,"Tyler Junior College, Marquette",GSW
99,Yuri Collins,PG,6-0,190,"March 7, 2001",us US,R,Saint Louis,GSW
30,Stephen Curry,PG,6-2,185,"March 14, 1988",us US,15,Davidson,GSW
23,Draymond Green,PF,6-6,230,"March 4, 1990",us US,12,Michigan State,GSW
7,Buddy Hield,SG,6-4,220,"December 17, 1992",bs BS,8,Oklahoma,GSW
32,Trayce Jackson-Davis,C,6-9,245,"February 22, 2000",us US,1,Indiana,GSW
12,Braxton Key,SF,6-7,225,"February 14, 1997",us US,3,"Alabama, Virginia",GSW
31,Kevin Knox,SF,6-8,215,"August 11, 1999",us US,6,Kentucky,GSW
0,Jonathan Kuminga,PF,6-7,225,"October 6, 2002",cd CD,3,,GSW
5,Kevon Looney,C,6-9,222,"February 6, 1996",us US,9,UCLA,GSW
8,De'Anthony Melton,SG,6-2,200,"May 28, 1998",us US,6,USC,GSW
4,Moses Moody,SG,6-5,211,"May 31, 2002",us US,3,Arkansas,GSW
0,Gary Payton II,SG,6-2,195,"December 1, 1992",us US,8,Oregon State,GSW
2,Brandin Podziemski,SG,6-4,205,"February 25, 2003",us US,1,"Illinois, Santa Clara",GSW
21,Quinten Post,PF,7-0,238,"March 21, 2000",nl NL,R,"Mississippi State, Boston College",GSW
44,Jackson Rowe,PF,6-6,210,"January 4, 1997",ca CA,R,Cal State Fullerton,GSW
15,Gui Santos,PF,6-7,185,"June 22, 2002",br BR,1,,GSW
71,Dennis Schröder,SG,6-1,175,"September 15, 1993",de DE,11,,GSW
61,Pat Spencer,PG,6-2,205,"July 4, 1996",us US,1,"Loyola (MD), Northwestern",GSW
43,Lindy Waters III,SG,6-5,210,"July 28, 1997",us US,3,Oklahoma State,GSW
22,Andrew Wiggins,SF,6-6,197,"February 23, 1995",ca CA,10,Kansas,GSW
12,Steven Adams,C,6-11,265,"July 20, 1993",nz NZ,10,Pitt,HOU
9,Dillon Brooks,SF,6-7,225,"January 22, 1996",ca CA,7,Oregon,HOU
3,N'Faly Dante,C,6-11,230,"October 19, 2001",ml ML,R,Oregon,HOU
17,Tari Eason,PF,6-8,215,"May 10, 2001",us US,2,"Cincinnati, LSU",HOU
4,Jalen Green,SG,6-4,186,"February 9, 2002",us US,3,,HOU
32,Jeff Green,PF,6-8,235,"August 28, 1986",us US,16,Georgetown,HOU
0,Aaron Holiday,PG,6-0,185,"September 30, 1996",us US,6,UCLA,HOU
2,Jock Landale,C,6-11,255,"October 25, 1995",au AU,3,Saint Mary's,HOU
58,Jack McVeigh,PF,6-8,215,"June 27, 1996",au AU,R,Nebraska,HOU
21,David Roddy,PF,6-5,255,"March 27, 2001",us US,2,Colorado State,HOU
28,Alperen Şengün,C,6-11,243,"July 25, 2002",tr TR,3,,HOU
15,Reed Sheppard,PG,6-2,185,"June 24, 2004",us US,R,Kentucky,HOU
10,Jabari Smith Jr.,PF,6-11,220,"May 13, 2003",us US,2,Auburn,HOU
8,Jae'Sean Tate,SF,6-4,230,"October 28, 1995",us US,4,Ohio State,HOU
1,Amen Thompson,SF,6-7,200,"January 30, 2003",us US,1,,HOU
5,Fred VanVleet,PG,6-0,197,"February 25, 1994",us US,8,Wichita State,HOU
7,Cam Whitmore,SF,6-6,230,"July 8, 2004",us US,1,Villanova,HOU
19,Nate Williams,SG,6-5,205,"February 12, 1999",us US,2,Buffalo,HOU
13,Tony Bradley,C,6-10,248,"January 8, 1998",us US,6,UNC,IND
3,Moses Brown,C,7-2,258,"October 13, 1999",us US,5,UCLA,IND
3,Thomas Bryant,C,6-9,248,"July 31, 1997",us US,7,Indiana,IND
10,RayJ Dennis,PG,6-1,180,"March 30, 2001",us US,R,"Boise State, Toledo, Baylor",IND
8,Enrique Freeman,PF,6-9,220,"July 29, 2000",us US,R,University of Akron,IND
12,Johnny Furphy,SG,6-8,200,"December 8, 2004",au AU,R,Kansas,IND
0,Tyrese Haliburton,PG,6-5,185,"February 29, 2000",us US,4,Iowa State,IND
22,Isaiah Jackson,C,6-8,205,"January 10, 2002",us US,3,Kentucky,IND
29,Quenton Jackson,PG,6-4,173,"September 15, 1998",us US,2,Texas A&M,IND
16,James Johnson,PF,6-7,240,"February 20, 1987",us US,15,Wake Forest,IND
0,Bennedict Mathurin,SF,6-5,210,"June 19, 2002",ca CA,2,Arizona,IND
9,T.J. McConnell,PG,6-1,190,"March 25, 1992",us US,9,"Duquesne, Arizona",IND
2,Andrew Nembhard,SG,6-4,191,"January 16, 2000",ca CA,2,"Florida, Gonzaga",IND
23,Aaron Nesmith,SF,6-5,215,"October 16, 1999",us US,4,Vanderbilt,IND
4,Tristen Newton,SG,6-5,190,"April 26, 2001",us US,R,"East Carolina University, UConn",IND
15,Jahlil Okafor,C,6-10,270,"December 15, 1995",us US,6,Duke,IND
26,Ben Sheppard,SG,6-6,190,"July 16, 2001",us US,1,Belmont,IND
43,Pascal Siakam,PF,6-8,245,"April 2, 1994",cm CM,8,New Mexico State,IND
1,Obi Toppin,PF,6-9,220,"March 4, 1998",us US,4,Dayton,IND
33,Myles Turner,C,6-11,250,"March 24, 1996",us US,9,Texas,IND
5,Jarace Walker,PF,6-7,235,"September 4, 2003",us US,1,Houston,IND
13,James Wiseman,C,6-11,240,"March 31, 2001",us US,3,Memphis,IND
23,Patrick Baldwin Jr.,SF,7-0,220,"November 18, 2002",us US,2,UW-Milwaukee,LAC
4,Mo Bamba,C,7-0,231,"May 12, 1998",us US,6,Texas,LAC
33,Nicolas Batum,PF,6-7,230,"December 14, 1988",fr FR,16,,LAC
0,MarJon Beauchamp,SF,6-7,199,"October 12, 2000",us US,2,Yakima Valley Community College,LAC
10,Bogdan Bogdanović,SG,6-5,225,"August 18, 1992",rs RS,7,,LAC
21,Kobe Brown,PF,6-7,250,"January 1, 2000",us US,1,Missouri,LAC
12,Cam Christie,SG,6-5,190,"July 24, 2005",us US,R,Minnesota,LAC
7,Amir Coffey,SG,6-7,210,"June 17, 1997",us US,5,Minnesota,LAC
8,Kris Dunn,PG,6-3,205,"March 18, 1994",us US,8,Providence,LAC
15,Drew Eubanks,C,6-10,245,"February 1, 1997",us US,6,Oregon State,LAC
9,Trentyn Flowers,SF,6-9,185,"March 8, 2005",us US,R,,LAC
1,James Harden,PG,6-5,220,"August 26, 1989",us US,15,Arizona State,LAC
5,Bones Hyland,PG,6-2,169,"September 14, 2000",us US,3,VCU,LAC
55,Derrick Jones Jr.,SF,6-6,210,"February 15, 1997",us US,8,UNLV,LAC
23,Kai Jones,C,6-11,221,"January 19, 2001",bs BS,2,Texas,LAC
2,Kawhi Leonard,SF,6-6,225,"June 29, 1991",us US,12,San Diego State,LAC
14,Terance Mann,SG,6-6,215,"October 18, 1996",us US,5,Florida State,LAC
11,Jordan Miller,SF,6-5,194,"January 23, 2000",us US,1,"George Mason, Miami (FL)",LAC
88,Patty Mills,PG,6-2,180,"August 11, 1988",au AU,15,Saint Mary's,LAC
77,Kevin Porter Jr.,SG,6-5,203,"May 4, 2000",us US,4,USC,LAC
24,Norman Powell,SG,6-3,215,"May 25, 1993",us US,9,UCLA,LAC
25,Ben Simmons,PG,6-10,240,"July 20, 1996",au AU,6,LSU,LAC
40,Ivica Zubac,C,7-0,240,"March 18, 1997",ba BA,8,,LAC
12,Max Christie,SG,6-5,190,"February 10, 2003",us US,2,Michigan State,LAL
3,Anthony Davis,C,6-10,253,"March 11, 1993",us US,12,Kentucky,LAL
77,Luka Dončić,PG,6-8,230,"February 28, 1999",si SI,6,,LAL
17,Dorian Finney-Smith,PF,6-7,220,"May 4, 1993",us US,8,Florida,LAL
30,Jordan Goodwin,PG,6-3,215,"October 23, 1998",us US,3,Saint Louis,LAL
28,Rui Hachimura,PF,6-8,230,"February 8, 1998",jp JP,5,Gonzaga,LAL
11,Jaxson Hayes,C,7-0,220,"May 23, 2000",us US,5,Texas,LAL
0,Jalen Hood-Schifino,SG,6-5,210,"June 19, 2003",us US,1,Indiana,LAL
9,Bronny James,SG,6-2,210,"October 6, 2004",us US,R,USC,LAL
23,LeBron James,SF,6-9,250,"December 30, 1984",us US,21,,LAL
55,Trey Jemison,C,6-10,270,"November 28, 1999",us US,1,"Clemson, UAB",LAL
14,Maxi Kleber,PF,6-10,240,"January 29, 1992",de DE,7,,LAL
4,Dalton Knecht,SF,6-6,215,"April 19, 2001",us US,R,"Northeastern Junior College, University of Northern Colorado, Tennessee",LAL
10,Christian Koloko,C,6-11,225,"June 20, 2000",cm CM,1,Arizona,LAL
27,Alex Len,C,7-0,250,"June 16, 1993",ua UA,11,Maryland,LAL
20,Maxwell Lewis,SF,6-7,215,"July 27, 2002",us US,1,Pepperdine,LAL
20,Shake Milton,SG,6-5,205,"September 26, 1996",us US,6,SMU,LAL
88,Markieff Morris,PF,6-9,245,"September 2, 1989",us US,13,Kansas,LAL
41,Quincy Olivari,PG,6-2,201,"May 27, 2001",us US,R,"Rice University, Xavier",LAL
15,Austin Reaves,SG,6-5,197,"May 29, 1998",us US,3,"Wichita State, Oklahoma",LAL
5,Cam Reddish,SF,6-7,230,"September 1, 1999",us US,5,Duke,LAL
1,D'Angelo Russell,PG,6-3,193,"February 23, 1996",us US,9,Ohio State,LAL
94,Armel Traoré,SF,6-9,246,"January 23, 2003",fr FR,R,,LAL
2,Jarred Vanderbilt,PF,6-8,214,"April 3, 1999",us US,6,Kentucky,LAL
7,Gabe Vincent,PG,6-2,200,"June 14, 1996",us US,5,UC Santa Barbara,LAL
7,Santi Aldama,PF,7-0,215,"January 10, 2001",es ES,3,Loyola (MD),MEM
35,Marvin Bagley III,PF,6-10,235,"March 14, 1999",us US,6,Duke,MEM
22,Desmond Bane,SG,6-6,215,"June 25, 1998",us US,4,TCU,MEM
8,Colin Castleton,C,6-10,250,"May 25, 2000",us US,1,"Michigan, Florida",MEM
15,Brandon Clarke,PF,6-8,215,"September 19, 1996",ca CA,5,"San Jose State, Gonzaga",MEM
14,Zach Edey,C,7-3,305,"May 14, 2002",ca CA,R,Purdue,MEM
30,Jay Huff,C,7-1,240,"August 25, 1998",us US,3,Virginia,MEM
45,GG Jackson II,PF,6-9,210,"December 17, 2004",us US,1,South Carolina,MEM
13,Jaren Jackson Jr.,C,6-10,242,"September 15, 1999",us US,6,Michigan State,MEM
17,Yuki Kawamura,PG,5-7,159,"May 2, 2001",jp JP,R,,MEM
10,Luke Kennard,SG,6-5,206,"June 24, 1996",us US,7,Duke,MEM
46,John Konchar,SG,6-5,210,"March 22, 1996",us US,5,Purdue-Fort Wayne,MEM
3,Jake LaRavia,PF,6-7,235,"November 3, 2001",us US,2,"Indiana State University, Wake Forest",MEM
12,Ja Morant,PG,6-2,174,"August 10, 1999",us US,5,Murray State,MEM
1,Scotty Pippen Jr.,PG,6-2,170,"November 10, 2000",us US,2,Vanderbilt,MEM
2,Zyon Pullin,SG,6-4,206,"March 3, 2001",us US,R,"University of California, Riverside, Florida",MEM
36,Marcus Smart,PG,6-3,220,"March 6, 1994",us US,10,Oklahoma State,MEM
24,Cam Spencer,SG,6-3,205,"April 6, 2000",us US,R,"Loyola (MD), Rutgers University, UConn",MEM
8,Lamar Stevens,PF,6-7,230,"July 9, 1997",us US,4,Penn State,MEM
0,Jaylen Wells,SG,6-7,206,"August 26, 2003",us US,R,"Sonoma State University, Washington State",MEM
5,Vince Williams Jr.,SG,6-4,205,"August 30, 2000",us US,2,VCU,MEM
13,Bam Adebayo,C,6-9,255,"July 18, 1997",us US,7,Kentucky,MIA
20,Kyle Anderson,SF,6-8,230,"September 20, 1993",us US,10,UCLA,MIA
31,Thomas Bryant,C,6-9,248,"July 31, 1997",us US,7,Indiana,MIA
18,Alec Burks,SG,6-5,214,"July 20, 1991",us US,13,Colorado,MIA
22,Jimmy Butler,PF,6-6,230,"September 14, 1989",us US,13,"Tyler Junior College, Marquette",MIA
8,Josh Christopher,SG,6-4,215,"December 8, 2001",us US,2,Arizona State,MIA
14,Tyler Herro,SG,6-5,195,"January 20, 2000",us US,5,Kentucky,MIA
24,Haywood Highsmith,SF,6-5,220,"December 9, 1996",us US,4,Wheeling University,MIA
11,Jaime Jaquez Jr.,SF,6-6,225,"February 18, 2001",us US,1,UCLA,MIA
16,Keshad Johnson,SF,6-6,225,"June 23, 2001",us US,R,"San Diego State, Arizona",MIA
5,Nikola Jović,PF,6-10,205,"June 9, 2003",gb GB,2,,MIA
9,Pelle Larsson,SG,6-5,215,"February 23, 2001",se SE,R,"Utah, Arizona",MIA
42,Kevin Love,PF,6-10,251,"September 7, 1988",us US,16,UCLA,MIA
45,Davion Mitchell,PG,6-0,202,"September 5, 1998",us US,3,"Auburn, Baylor",MIA
0,Josh Richardson,SG,6-5,200,"September 15, 1993",us US,9,Tennessee,MIA
55,Duncan Robinson,SF,6-7,215,"April 22, 1994",us US,6,"Williams, Michigan",MIA
2,Terry Rozier,PG,6-1,190,"March 17, 1994",us US,9,Louisville,MIA
12,Dru Smith,SG,6-2,203,"December 30, 1997",us US,2,"University of Evansville, Missouri",MIA
4,Isaiah Stevens,PG,5-11,185,"November 1, 2000",us US,R,Colorado State,MIA
7,Kel'el Ware,C,7-0,230,"April 20, 2004",us US,R,"Oregon, Indiana",MIA
22,Andrew Wiggins,SF,6-6,197,"February 23, 1995",ca CA,10,Kansas,MIA
34,Giannis Antetokounmpo,PF,6-11,243,"December 6, 1994",gr GR,11,,MIL
3,MarJon Beauchamp,SF,6-7,199,"October 12, 2000",us US,2,Yakima Valley Community College,MIL
15,Jamaree Bouyea,PG,6-2,180,"June 27, 1999",us US,2,San Francisco,MIL
24,Pat Connaughton,SG,6-5,209,"January 6, 1993",us US,9,Notre Dame,MIL
20,A.J. Green,SG,6-4,190,"September 27, 1999",us US,2,University of Northern Iowa,MIL
44,Andre Jackson Jr.,SG,6-6,209,"November 13, 2001",us US,1,UConn,MIL
77,AJ Johnson,SG,6-5,160,"December 1, 2004",us US,R,,MIL
18,Kyle Kuzma,PF,6-8,221,"July 24, 1995",us US,7,Utah,MIL
0,Damian Lillard,PG,6-2,200,"July 15, 1990",us US,12,Weber State,MIL
7,Chris Livingston,SF,6-6,220,"October 15, 2003",us US,1,Kentucky,MIL
11,Brook Lopez,C,7-1,282,"April 1, 1988",us US,16,Stanford,MIL
22,Khris Middleton,SF,6-7,222,"August 12, 1991",us US,12,Texas A&M,MIL
35,Pete Nance,PF,6-9,225,"February 19, 2000",us US,1,"Northwestern, UNC",MIL
3,Kevin Porter Jr.,SG,6-5,203,"May 4, 2000",us US,4,USC,MIL
9,Bobby Portis,PF,6-9,250,"February 10, 1995",us US,9,Arkansas,MIL
12,Taurean Prince,SF,6-6,218,"March 22, 1994",us US,8,Baylor,MIL
15,Liam Robbins,C,7-0,250,"July 12, 1999",us US,R,"Drake University, Minnesota, Vanderbilt",MIL
13,Ryan Rollins,PG,6-3,180,"July 3, 2002",us US,2,Toledo,MIL
0,Jericho Sims,C,6-10,250,"October 20, 1998",us US,3,Texas,MIL
21,Tyler Smith,PF,6-9,224,"November 2, 2004",us US,R,,MIL
5,Gary Trent Jr.,SG,6-5,204,"January 18, 1999",us US,6,Duke,MIL
17,Stanley Umude,SG,6-6,210,"April 12, 1999",us US,2,"South Dakota, Arkansas",MIL
55,Delon Wright,PG,6-4,185,"April 26, 1992",us US,9,Utah,MIL
9,Nickeil Alexander-Walker,SG,6-5,205,"September 2, 1998",ca CA,5,Virginia Tech,MIN
22,Jaylen Clark,SG,6-5,205,"October 13, 2001",us US,R,UCLA,MIN
10,Mike Conley,PG,6-1,175,"October 11, 1987",us US,17,Ohio State,MIN
4,Rob Dillingham,PG,6-2,175,"January 4, 2005",us US,R,Kentucky,MIN
0,Donte DiVincenzo,SG,6-4,203,"January 31, 1997",us US,6,Villanova,MIN
35,PJ Dozier,SG,6-6,212,"October 25, 1996",us US,6,South Carolina,MIN
5,Anthony Edwards,SG,6-4,225,"August 5, 2001",us US,4,Georgia,MIN
14,Jesse Edwards,C,7-0,236,"March 18, 2000",nl NL,R,"West Virginia, Syracuse",MIN
55,Luka Garza,C,6-10,243,"December 27, 1998",us US,3,Iowa,MIN
27,Rudy Gobert,C,7-1,258,"June 26, 1992",fr FR,11,,MIN
77,Bones Hyland,PG,6-2,169,"September 14, 2000",us US,3,VCU,MIN
7,Joe Ingles,SF,6-8,220,"October 2, 1987",au AU,10,,MIN
3,Jaden McDaniels,PF,6-9,185,"September 29, 2000",us US,4,Washington,MIN
33,Leonard Miller,SF,6-10,220,"November 26, 2003",ca CA,1,,MIN
8,Josh Minott,SF,6-8,205,"November 25, 2002",us US,2,Memphis,MIN
13,Tristen Newton,SG,6-5,190,"April 26, 2001",us US,R,"East Carolina University, UConn",MIN
1,Daishen Nix,PG,6-3,226,"February 13, 2002",us US,3,,MIN
30,Julius Randle,PF,6-9,250,"November 29, 1994",us US,10,Kentucky,MIN
11,Naz Reid,C,6-9,264,"August 26, 1999",us US,5,LSU,MIN
0,Terrence Shannon Jr.,SG,6-6,215,"July 30, 2000",us US,R,"Texas Tech, Illinois",MIN
15,Jose Alvarado,PG,6-0,179,"April 12, 1998",us US,3,Georgia Tech,NOP
4,Mo Bamba,C,7-0,231,"May 12, 1998",us US,6,Texas,NOP
11,Brandon Boston Jr.,SG,6-6,188,"November 28, 2001",us US,3,Kentucky,NOP
0,Keion Brooks Jr.,SF,6-7,210,"August 7, 2000",us US,R,"Kentucky, Washington",NOP
00,Bruce Brown,PG,6-4,202,"August 15, 1996",us US,6,Miami (FL),NOP
8,Jamal Cain,SF,6-7,191,"March 20, 1999",us US,2,"Marquette, Oakland",NOP
4,Javonte Green,SG,6-5,205,"July 23, 1993",us US,5,Radford,NOP
24,Jordan Hawkins,SG,6-5,190,"April 29, 2002",us US,1,UConn,NOP
14,Brandon Ingram,SF,6-8,190,"September 2, 1997",us US,8,Duke,NOP
55,Trey Jemison,C,6-10,270,"November 28, 1999",us US,1,"Clemson, UAB",NOP
2,Herbert Jones,SF,6-7,206,"October 6, 1998",us US,3,Alabama,NOP
35,Kylor Kelley,C,7-0,215,"August 26, 1997",us US,R,Oregon State,NOP
17,Karlo Matković,PF,6-10,231,"March 30, 2001",ba BA,R,,NOP
3,CJ McCollum,PG,6-3,190,"September 19, 1991",us US,11,Lehigh,NOP
21,Yves Missi,C,6-11,235,"May 14, 2004",be BE,R,Baylor,NOP
25,Trey Murphy III,SF,6-8,206,"June 18, 2000",us US,3,"Rice University, Virginia",NOP
5,Dejounte Murray,PG,6-4,180,"September 19, 1996",us US,7,Washington,NOP
20,Jaylen Nowell,SG,6-4,201,"July 9, 1999",us US,5,Washington,NOP
13,Kelly Olynyk,C,7-0,240,"April 19, 1991",ca CA,11,Gonzaga,NOP
"4, 22",Elfrid Payton,PG,6-3,195,"February 22, 1994",us US,8,Louisiana,NOP
22,Lester Quiñones,SG,6-5,208,"November 16, 2000",us US,2,Memphis,NOP
12,Antonio Reeves,SG,6-5,205,"November 20, 2000",us US,R,"Illinois State, Kentucky",NOP
50,Jeremiah Robinson-Earl,PF,6-9,240,"November 3, 2000",us US,3,Villanova,NOP
10,Daniel Theis,C,6-8,245,"April 4, 1992",de DE,7,,NOP
1,Zion Williamson,PF,6-6,284,"July 6, 2000",us US,4,Duke,NOP
5,Precious Achiuwa,C,6-8,243,"September 19, 1999",ng NG,4,Memphis,NYK
8,OG Anunoby,PF,6-7,240,"July 17, 1997",gb GB,7,Indiana,NYK
14,MarJon Beauchamp,SF,6-7,199,"October 12, 2000",us US,2,Yakima Valley Community College,NYK
25,Mikal Bridges,SF,6-6,209,"August 30, 1996",us US,6,Villanova,NYK
11,Jalen Brunson,PG,6-2,190,"August 31, 1996",us US,6,Villanova,NYK
4,Pacôme Dadiet,SG,6-9,210,"July 27, 2005",fr FR,R,,NYK
3,Josh Hart,SG,6-5,215,"March 6, 1995",us US,7,Villanova,NYK
55,Ariel Hukporti,C,7-0,246,"April 12, 2002",de DE,R,,NYK
13,Tyler Kolek,PG,6-2,195,"March 27, 2001",us US,R,"George Mason, Marquette",NYK
2,Miles McBride,SG,6-2,195,"September 8, 2000",us US,3,West Virginia,NYK
9,Kevin McCullar Jr.,SF,6-6,210,"March 15, 2001",us US,R,"Texas Tech, Kansas",NYK
1,Cameron Payne,PG,6-2,183,"August 8, 1994",us US,9,Murray State,NYK
23,Mitchell Robinson,C,7-0,240,"April 1, 1998",us US,6,Western Kentucky,NYK
37,Matt Ryan,SF,6-6,215,"April 17, 1997",us US,3,"Notre Dame, Vanderbilt, Chattanooga",NYK
44,Landry Shamet,SG,6-5,190,"March 13, 1997",us US,6,Wichita State,NYK
20,Jericho Sims,C,6-10,250,"October 20, 1998",us US,3,Texas,NYK
0,Jacob Toppin,SF,6-9,200,"May 8, 2000",us US,1,"Rhode Island, Kentucky",NYK
32,Karl-Anthony Towns,C,7-0,248,"November 15, 1995",us US,9,Kentucky,NYK
17,P.J. Tucker,SF,6-5,245,"May 5, 1985",us US,13,Texas,NYK
21,Anton Watson,SF,6-8,225,"October 6, 2000",us US,R,Gonzaga,NYK
0,Delon Wright,PG,6-4,185,"April 26, 1992",us US,9,Utah,NYK
15,Branden Carlson,C,7-0,220,"June 14, 1999",us US,R,Utah,OKC
9,Alex Caruso,SG,6-5,186,"February 28, 1994",us US,7,Texas A&M,OKC
13,Ousmane Dieng,C,6-9,185,"May 21, 2003",fr FR,2,,OKC
5,Luguentz Dort,SF,6-4,220,"April 19, 1999",ca CA,5,Arizona State,OKC
88,Alex Ducas,SG,6-7,220,"December 11, 2000",au AU,R,Saint Mary's,OKC
14,Adam Flagler,SG,6-1,180,"December 1, 1999",us US,1,"Presbyterian College, Baylor",OKC
2,Shai Gilgeous-Alexander,PG,6-6,195,"July 12, 1998",ca CA,6,Kentucky,OKC
55,Isaiah Hartenstein,C,7-0,250,"May 5, 1998",us US,6,,OKC
7,Chet Holmgren,C,7-1,208,"May 1, 2002",us US,1,Gonzaga,OKC
11,Isaiah Joe,SG,6-4,165,"July 2, 1999",us US,4,Arkansas,OKC
3,Dillon Jones,SF,6-5,235,"October 29, 2001",us US,R,Weber State,OKC
17,Malevy Leons,SF,6-9,210,"September 23, 1999",nl NL,R,"Mineral Area College, Bradley",OKC
25,Ajay Mitchell,SG,6-4,190,"June 25, 2002",be BE,R,UC Santa Barbara,OKC
15,Alex Reese,PF,6-9,245,"May 21, 1999",us US,R,Alabama,OKC
22,Cason Wallace,SG,6-3,195,"November 7, 2003",us US,1,Kentucky,OKC
21,Aaron Wiggins,SG,6-5,190,"January 2, 1999",us US,3,Maryland,OKC
8,Jalen Williams,SG,6-5,211,"April 14, 2001",us US,2,Santa Clara,OKC
6,Jaylin Williams,PF,6-9,240,"June 29, 2002",us US,2,Arkansas,OKC
34,Kenrich Williams,PF,6-7,210,"December 2, 1994",us US,6,TCU,OKC
50,Cole Anthony,PG,6-2,185,"May 15, 2000",us US,4,UNC,ORL
5,Paolo Banchero,PF,6-10,250,"November 12, 2002",us US,2,Duke,ORL
35,Goga Bitadze,C,6-11,250,"July 20, 1999",ge GE,5,,ORL
0,Anthony Black,PG,6-7,200,"January 20, 2004",us US,1,Arkansas,ORL
3,Kentavious Caldwell-Pope,SG,6-5,204,"February 18, 1993",us US,11,Georgia,ORL
34,Wendell Carter Jr.,C,6-10,270,"April 16, 1999",us US,6,Duke,ORL
23,Tristan Da Silva,SF,6-8,217,"May 15, 2001",de DE,R,Colorado,ORL
14,Gary Harris,SG,6-4,210,"September 14, 1994",us US,10,Michigan State,ORL
2,Caleb Houstan,SF,6-8,205,"January 9, 2003",ca CA,2,Michigan,ORL
13,Jett Howard,SF,6-8,215,"September 14, 2003",us US,1,Michigan,ORL
1,Jonathan Isaac,PF,6-10,230,"October 3, 1997",us US,5,Florida State,ORL
10,Cory Joseph,PG,6-2,200,"August 20, 1991",ca CA,13,Texas,ORL
8,Mac McClung,SG,6-2,185,"January 6, 1999",us US,2,"Georgetown, Texas Tech",ORL
12,Trevelin Queen,SG,6-5,190,"February 25, 1997",us US,3,"College of Marin, New Mexico Military Institute, New Mexico State",ORL
4,Jalen Suggs,PG,6-5,205,"June 3, 2001",us US,3,Gonzaga,ORL
22,Franz Wagner,SF,6-10,220,"August 27, 2001",de DE,3,Michigan,ORL
21,Moritz Wagner,C,6-11,245,"April 26, 1997",de DE,6,Michigan,ORL
35,Marcus Bagley,SF,6-8,215,"October 23, 2001",us US,R,Arizona State,PHI
30,Adem Bona,C,6-10,235,"March 28, 2003",ng NG,R,UCLA,PHI
22,Oshae Brissett,SF,6-7,210,"June 20, 1998",ca CA,5,Syracuse,PHI
12,Jared Butler,SG,6-3,193,"August 25, 2000",us US,3,Baylor,PHI
18,Colin Castleton,C,6-10,250,"May 25, 2000",us US,1,"Michigan, Florida",PHI
14,Ricky Council IV,SF,6-6,207,"August 3, 2001",us US,1,"Wichita State, Arkansas",PHI
11,Jeff Dowtin Jr.,PG,6-3,177,"May 10, 1997",us US,3,Rhode Island,PHI
"1, 5",Andre Drummond,C,6-11,279,"August 10, 1993",us US,12,UConn,PHI
19,Justin Edwards,SF,6-7,203,"December 16, 2003",us US,R,Kentucky,PHI
21,Joel Embiid,C,7-0,280,"March 16, 1994",cm CM,8,Kansas,PHI
8,Paul George,PF,6-8,220,"May 2, 1990",us US,14,Fresno State,PHI
23,Eric Gordon,SG,6-3,215,"December 25, 1988",us US,16,Indiana,PHI
5,Quentin Grimes,SG,6-4,210,"May 8, 2000",us US,3,"Kansas, Houston",PHI
17,Jalen Hood-Schifino,SG,6-5,210,"June 19, 2003",us US,1,Indiana,PHI
00,Reggie Jackson,PG,6-2,208,"April 16, 1990",it IT,13,Boston College,PHI
7,Kyle Lowry,PG,6-0,196,"March 25, 1986",us US,18,Villanova,PHI
16,Caleb Martin,SF,6-5,205,"September 28, 1995",us US,5,"NC State, Nevada",PHI
1,KJ Martin,PF,6-6,215,"January 6, 2001",us US,4,,PHI
0,Tyrese Maxey,PG,6-2,200,"November 4, 2000",us US,4,Kentucky,PHI
20,Jared McCain,SG,6-3,195,"February 20, 2004",us US,R,Duke,PHI
25,Isaiah Mobley,PF,6-8,238,"September 24, 1999",us US,2,USC,PHI
22,Pete Nance,C,6-9,225,"February 19, 2000",us US,1,"Northwestern, UNC",PHI
18,Chuma Okeke,PF,6-7,229,"August 18, 1998",us US,4,Auburn,PHI
9,Kelly Oubre Jr.,SF,6-8,203,"December 9, 1995",us US,9,Kansas,PHI
25,Lester Quiñones,SG,6-5,208,"November 16, 2000",us US,2,Memphis,PHI
65,Alex Reese,PF,6-9,245,"May 21, 1999",us US,R,Alabama,PHI
45,David Roddy,PF,6-5,255,"March 27, 2001",us US,2,Colorado State,PHI
16,Lonnie Walker IV,SG,6-4,204,"December 14, 1998",us US,6,Miami (FL),PHI
36,Phillip Wheeler,PF,6-8,185,"April 23, 2002",us US,R,,PHI
28,Guerschon Yabusele,C,6-7,265,"December 17, 1995",fr FR,2,,PHI
8,Grayson Allen,SG,6-3,198,"October 8, 1995",us US,6,Duke,PHO
3,Bradley Beal,SG,6-4,207,"June 28, 1993",us US,12,Florida,PHO
11,Bol Bol,PF,7-3,220,"November 16, 1999",sd SD,5,Oregon,PHO
1,Devin Booker,SG,6-5,206,"October 30, 1996",us US,9,Kentucky,PHO
15,Jalen Bridges,SF,6-7,225,"May 14, 2001",us US,R,"West Virginia, Baylor",PHO
0,Ryan Dunn,SF,6-7,216,"January 7, 2003",us US,R,Virginia,PHO
35,Kevin Durant,PF,6-11,240,"September 29, 1988",us US,16,Texas,PHO
12,Collin Gillespie,PG,6-1,195,"June 25, 1999",us US,1,Villanova,PHO
4,Oso Ighodaro,PF,6-11,235,"July 14, 2002",us US,R,Marquette,PHO
21,Tyus Jones,PG,6-0,196,"May 10, 1996",us US,9,Duke,PHO
10,Damion Lee,SG,6-6,210,"October 21, 1992",us US,6,"Drexel, Louisville",PHO
17,Cody Martin,SF,6-6,205,"September 28, 1995",us US,5,"NC State, Nevada",PHO
18,Vasilije Micić,PG,6-3,188,"January 13, 1994",rs RS,1,,PHO
23,Monte Morris,PG,6-2,183,"June 27, 1995",us US,7,Iowa State,PHO
20,Jusuf Nurkić,C,6-11,290,"August 23, 1994",ba BA,10,,PHO
0,Royce O'Neale,SF,6-6,226,"June 5, 1993",us US,7,"Denver, Baylor",PHO
2,Josh Okogie,SG,6-4,213,"September 1, 1998",ng NG,6,Georgia Tech,PHO
22,Mason Plumlee,C,7-0,254,"March 5, 1990",us US,11,Duke,PHO
2,Nick Richards,C,6-11,245,"November 29, 1997",jm JM,4,Kentucky,PHO
14,TyTy Washington Jr.,PG,6-3,195,"November 15, 2001",us US,2,Kentucky,PHO
8,Deni Avdija,SF,6-8,228,"January 3, 2001",il IL,4,,POR
2,Deandre Ayton,C,7-0,252,"July 23, 1998",bs BS,6,Arizona,POR
5,Dalano Banton,PG,6-8,203,"November 7, 1999",ca CA,3,Nebraska,POR
33,Toumani Camara,PF,6-7,230,"May 8, 2000",be BE,1,"Georgia, Dayton",POR
91,Sidy Cissoko,SF,6-6,220,"April 2, 2004",fr FR,1,,POR
23,Donovan Clingan,C,7-2,280,"February 23, 2004",us US,R,UConn,POR
9,Jerami Grant,PF,6-7,213,"March 12, 1994",us US,10,Syracuse,POR
0,Scoot Henderson,PG,6-3,207,"February 3, 2004",us US,1,,POR
11,Bryce McGowens,SG,6-6,190,"November 8, 2002",us US,2,Nebraska,POR
10,Justin Minaya,SF,6-5,205,"March 26, 1999",us US,2,"South Carolina, Providence",POR
76,Taze Moore,SG,6-5,195,"June 29, 1998",us US,1,"Cal State-Bakersfield, Houston",POR
24,Kris Murray,SF,6-8,218,"August 19, 2000",us US,1,Iowa,POR
26,Duop Reath,C,6-9,245,"June 26, 1996",ss SS,1,"Lee College, LSU",POR
21,Rayan Rupert,SG,6-7,205,"May 31, 2004",fr FR,1,,POR
17,Shaedon Sharpe,SG,6-5,210,"May 30, 2003",ca CA,2,Kentucky,POR
1,Anfernee Simons,SG,6-3,200,"June 8, 1999",us US,6,,POR
4,Matisse Thybulle,SG,6-5,202,"March 4, 1997",us US,5,Washington,POR
34,Jabari Walker,PF,6-7,237,"July 30, 2002",us US,2,Colorado,POR
35,Robert Williams,C,6-9,249,"October 17, 1997",us US,6,Texas A&M,POR
22,Devin Carter,PG,6-2,195,"March 18, 2002",us US,R,"South Carolina, Providence",SAC
24,Isaiah Crawford,SF,6-6,220,"November 1, 2001",us US,R,Louisiana Tech,SAC
99,Jae Crowder,PF,6-6,235,"July 6, 1990",us US,12,Marquette,SAC
9,Terence Davis,SG,6-4,201,"May 16, 1997",us US,4,Ole Miss,SAC
10,DeMar DeRozan,SF,6-6,220,"August 7, 1989",us US,15,USC,SAC
23,Keon Ellis,SG,6-4,175,"January 8, 2000",us US,2,"Florida SouthWestern State College, Alabama",SAC
5,De'Aaron Fox,PG,6-3,185,"December 20, 1997",us US,7,Kentucky,SAC
20,Markelle Fultz,PG,6-4,209,"May 29, 1998",us US,7,Washington,SAC
9,Kevin Huerter,SG,6-6,198,"August 27, 1998",us US,6,Maryland,SAC
20,Colby Jones,SG,6-6,207,"May 28, 2002",us US,1,Xavier,SAC
"3, 17",Isaac Jones,PF,6-8,245,"July 11, 2000",us US,R,"Wenatchee Valley College, Idaho, Washington State",SAC
15,Mason Jones,SG,6-4,200,"July 21, 1998",us US,3,"Connors State College, Arkansas",SAC
25,Skal Labissière,PF,6-10,235,"March 18, 1996",ht HT,4,Kentucky,SAC
33,Jake LaRavia,PF,6-7,235,"November 3, 2001",us US,2,"Indiana State University, Wake Forest",SAC
8,Zach LaVine,SG,6-5,200,"March 10, 1995",us US,10,UCLA,SAC
25,Alex Len,C,7-0,250,"June 16, 1993",ua UA,11,Maryland,SAC
41,Trey Lyles,PF,6-9,234,"November 5, 1995",ca CA,9,Kentucky,SAC
7,Doug McDermott,SF,6-7,225,"January 3, 1992",us US,10,Creighton,SAC
3,Jordan McLaughlin,PG,5-11,185,"April 9, 1996",us US,5,USC,SAC
0,Malik Monk,SG,6-3,200,"February 4, 1998",us US,7,Kentucky,SAC
13,Keegan Murray,PF,6-8,225,"August 19, 2000",us US,2,Iowa,SAC
77,Orlando Robinson,C,6-10,235,"July 10, 2000",us US,2,Fresno State,SAC
11,Domantas Sabonis,C,6-10,240,"May 3, 1996",us US,8,Gonzaga,SAC
32,Terry Taylor,PF,6-5,230,"September 23, 1999",us US,3,Austin Peay State University,SAC
17,Jonas Valančiūnas,C,6-11,265,"May 6, 1992",lt LT,12,,SAC
40,Harrison Barnes,PF,6-7,225,"May 30, 1992",us US,12,UNC,SAS
28,Charles Bassey,C,6-10,230,"October 28, 2000",ng NG,3,Western Kentucky,SAS
18,Bismack Biyombo,C,6-8,255,"August 28, 1992",cd CD,13,,SAS
22,Malaki Branham,SG,6-4,180,"May 12, 2003",us US,2,Ohio State,SAS
5,Stephon Castle,SG,6-6,215,"November 1, 2004",us US,R,UConn,SAS
30,Julian Champagnie,SF,6-7,217,"June 29, 2001",us US,2,St. John's,SAS
25,Sidy Cissoko,SF,6-6,220,"April 2, 2004",fr FR,1,,SAS
23,Zach Collins,C,6-9,250,"November 19, 1997",us US,6,Gonzaga,SAS
7,David Duke Jr.,SG,6-4,204,"October 13, 1999",us US,3,Providence,SAS
4,De'Aaron Fox,PG,6-3,185,"December 20, 1997",us US,7,Kentucky,SAS
55,Harrison Ingram,SF,6-5,230,"November 27, 2002",us US,R,"Stanford, UNC",SAS
0,Keldon Johnson,SF,6-6,220,"October 11, 1999",us US,5,Kentucky,SAS
33,Tre Jones,PG,6-1,185,"January 8, 2000",us US,4,Duke,SAS
54,Sandro Mamukelashvili,PF,6-9,240,"May 23, 1999",us US,3,Seton Hall,SAS
11,Jordan McLaughlin,PG,5-11,185,"April 9, 1996",us US,5,USC,SAS
27,Riley Minix,SF,6-7,230,"September 22, 2000",us US,R,"Southeastern University, Morehead State University",SAS
3,Chris Paul,PG,6-0,175,"May 6, 1985",us US,19,Wake Forest,SAS
10,Jeremy Sochan,PF,6-8,230,"May 20, 2003",us US,2,Baylor,SAS
24,Devin Vassell,SG,6-5,200,"August 23, 2000",us US,4,Florida State,SAS
1,Victor Wembanyama,C,7-4,235,"January 4, 2004",fr FR,1,,SAS
14,Blake Wesley,SG,6-4,190,"March 16, 2003",us US,2,Notre Dame,SAS
30,Ochai Agbaji,SG,6-5,215,"April 20, 2000",us US,2,Kansas,TOR
4,Scottie Barnes,PF,6-8,237,"August 1, 2001",us US,3,Florida State,TOR
9,RJ Barrett,SF,6-6,214,"June 14, 2000",ca CA,5,Duke,TOR
77,Jamison Battle,SF,6-7,220,"May 10, 2001",us US,R,"George Washington, Minnesota, Ohio State",TOR
25,Chris Boucher,PF,6-8,200,"January 11, 1993",lc LC,7,"New Mexico Junior College, Northwest College, Oregon",TOR
11,Bruce Brown,PG,6-4,202,"August 15, 1996",us US,6,Miami (FL),TOR
3,D.J. Carton,SG,6-2,200,"August 5, 2000",us US,1,"Ohio State, Marquette",TOR
11,Colin Castleton,C,6-10,250,"May 25, 2000",us US,1,"Michigan, Florida",TOR
22,Ulrich Chomche,PF,6-11,235,"December 30, 2005",cm CM,R,,TOR
1,Gradey Dick,SG,6-7,200,"November 20, 2003",us US,1,Kansas,TOR
24,Bruno Fernando,C,6-9,240,"August 15, 1998",ao AO,5,Maryland,TOR
0,A.J. Lawson,SG,6-6,179,"July 15, 2000",ca CA,2,South Carolina,TOR
45,Davion Mitchell,PG,6-0,202,"September 5, 1998",us US,3,"Auburn, Baylor",TOR
2,Jonathan Mogbo,PF,6-9,225,"October 29, 2001",us US,R,"Missouri State, San Francisco",TOR
41,Kelly Olynyk,C,7-0,240,"April 19, 1991",ca CA,11,Gonzaga,TOR
19,Jakob Poeltl,C,7-0,253,"October 15, 1995",at AT,8,Utah,TOR
5,Immanuel Quickley,PG,6-2,190,"June 17, 1999",us US,4,Kentucky,TOR
8,Jared Rhoden,SG,6-5,210,"August 27, 1999",us US,2,Seton Hall,TOR
21,Orlando Robinson,C,6-10,235,"July 10, 2000",us US,2,Fresno State,TOR
23,Jamal Shead,PG,6-1,200,"June 24, 2002",us US,R,Houston,TOR
12,Cole Swider,SF,6-10,220,"May 8, 1999",us US,2,"Villanova, Syracuse",TOR
17,Garrett Temple,SG,6-5,195,"May 8, 1986",us US,14,LSU,TOR
14,Ja'Kobe Walter,SG,6-4,180,"September 4, 2004",us US,R,Baylor,TOR
0,Jordan Clarkson,SG,6-5,194,"June 7, 1992",us US,10,"Tulsa, Missouri",UTA
13,Isaiah Collier,PG,6-4,210,"October 8, 2004",us US,R,USC,UTA
20,John Collins,PF,6-9,226,"September 23, 1997",us US,7,Wake Forest,UTA
15,Drew Eubanks,C,6-10,245,"February 1, 1997",us US,6,Oregon State,UTA
22,Kyle Filipowski,C,6-11,250,"November 7, 2003",us US,R,Duke,UTA
3,Keyonte George,PG,6-4,185,"November 8, 2003",us US,1,Baylor,UTA
16,Elijah Harkless,SG,6-3,195,"February 3, 2000",us US,R,"Cal State Northridge, Oklahoma, UNLV",UTA
0,Taylor Hendricks,PF,6-9,215,"November 22, 2003",us US,1,Central Florida,UTA
33,Johnny Juzang,SG,6-7,226,"March 17, 2001",us US,2,"Kentucky, UCLA",UTA
24,Walker Kessler,C,7-2,245,"July 26, 2001",us US,2,"UNC, Auburn",UTA
23,Lauri Markkanen,PF,7-1,240,"May 22, 1997",fi FI,7,Arizona,UTA
99,KJ Martin,SF,6-6,215,"January 6, 2001",us US,4,,UTA
8,Patty Mills,PG,6-2,180,"August 11, 1988",au AU,15,Saint Mary's,UTA
19,Svi Mykhailiuk,SF,6-7,205,"June 10, 1997",ua UA,6,Kansas,UTA
25,Micah Potter,C,6-9,248,"April 6, 1998",us US,3,"Ohio State, Wisconsin",UTA
28,Brice Sensabaugh,SF,6-6,235,"October 30, 2003",us US,1,Ohio State,UTA
2,Collin Sexton,SG,6-3,190,"January 4, 1999",us US,6,Alabama,UTA
11,Jaden Springer,PG,6-4,202,"September 25, 2002",us US,3,Tennessee,UTA
34,Oscar Tshiebwe,C,6-8,255,"November 27, 1999",cd CD,1,"West Virginia, Kentucky",UTA
5,Cody Williams,SG,6-8,190,"November 20, 2004",us US,R,Colorado,UTA
35,Marvin Bagley III,C,6-10,235,"March 14, 1999",us US,6,Duke,WAS
7,Patrick Baldwin Jr.,SF,7-0,220,"November 18, 2002",us US,2,UW-Milwaukee,WAS
15,Malcolm Brogdon,PG,6-4,229,"December 11, 1992",us US,8,Virginia,WAS
4,Jared Butler,PG,6-3,193,"August 25, 2000",us US,3,Baylor,WAS
8,Bub Carrington,PG,6-4,190,"July 21, 2005",us US,R,Pitt,WAS
9,Justin Champagnie,SF,6-6,206,"June 29, 2001",us US,3,Pitt,WAS
0,Bilal Coulibaly,SF,6-7,195,"July 26, 2004",fr FR,1,,WAS
1,Johnny Davis,SG,6-4,195,"February 27, 2002",us US,2,Wisconsin,WAS
18,Kyshawn George,SG,6-8,200,"December 12, 2003",ch CH,R,Miami (FL),WAS
16,Anthony Gill,PF,6-7,230,"October 17, 1992",us US,4,"South Carolina, Virginia",WAS
22,Richaun Holmes,PF,6-9,235,"October 15, 1993",us US,9,Bowling Green,WAS
5,AJ Johnson,SG,6-5,160,"December 1, 2004",us US,R,,WAS
1,Colby Jones,SG,6-6,207,"May 28, 2002",us US,1,Xavier,WAS
24,Corey Kispert,SF,6-6,224,"March 3, 1999",us US,3,Gonzaga,WAS
33,Kyle Kuzma,PF,6-8,221,"July 24, 1995",us US,7,Utah,WAS
4,Jaylen Martin,SF,6-6,216,"January 28, 2004",us US,R,,WAS
26,Jalen McDaniels,SF,6-9,205,"January 31, 1998",us US,5,San Diego State,WAS
32,Khris Middleton,SF,6-7,222,"August 12, 1991",us US,12,Texas A&M,WAS
13,Jordan Poole,SG,6-4,194,"June 19, 1999",us US,5,Michigan,WAS
20,Alex Sarr,C,7-0,205,"April 26, 2005",fr FR,R,,WAS
36,Marcus Smart,PG,6-3,220,"March 6, 1994",us US,10,Oklahoma State,WAS
21,JT Thor,PF,6-9,203,"August 26, 2002",us US,3,Auburn,WAS
17,Jonas Valančiūnas,C,6-11,265,"May 6, 1992",lt LT,12,,WAS
0,Tristan Vukcevic,C,7-0,220,"March 11, 2003",it IT,1,,WAS
